STATE,COUNTY,Annual Avg Violent Crimes,"Reported Violent Crimes per 100,000 Population",Z-Score
Alabama,Autauga,149,272,-0.63
Alabama,Baldwin,408,204,-1
Alabama,Barbour,106,414,0.12
Alabama,Bibb,20,89,-1.6
Alabama,Blount,279,483,0.48
Alabama,Bullock,33,311,-0.43
Alabama,Butler,117,582,1.01
Alabama,Calhoun,871,756,1.93
Alabama,Chambers,181,529,0.73
Alabama,Cherokee,86,330,-0.32
Alabama,Chilton,223,508,0.62
Alabama,Choctaw,17,128,-1.39
Alabama,Clarke,116,475,0.44
Alabama,Clay,42,309,-0.44
Alabama,Cleburne,16,103,-1.53
Alabama,Coffee,142,276,-0.61
Alabama,Colbert,218,400,0.05
Alabama,Conecuh,48,387,-0.02
Alabama,Coosa,27,255,-0.72
Alabama,Covington,125,331,-0.32
Alabama,Crenshaw,45,332,-0.32
Alabama,Cullman,106,129,-1.39
Alabama,Dale,214,437,0.24
Alabama,Dallas,380,925,2.83
Alabama,DeKalb,196,312,-0.42
Alabama,Elmore,195,239,-0.81
Alabama,Escambia,169,446,0.29
Alabama,Etowah,619,604,1.13
Alabama,Fayette,,,0
Alabama,Franklin,83,264,-0.67
Alabama,Geneva,111,414,0.12
Alabama,Greene,55,669,1.47
Alabama,Hale,29,209,-0.97
Alabama,Henry,34,197,-1.03
Alabama,Houston,508,488,0.51
Alabama,Jackson,163,317,-0.39
Alabama,Jefferson,"5,623",873,2.55
Alabama,Lamar,23,162,-1.22
Alabama,Lauderdale,248,269,-0.65
Alabama,Lawrence,84,260,-0.69
Alabama,Lee,652,416,0.13
Alabama,Limestone,147,160,-1.23
Alabama,Lowndes,56,671,1.48
Alabama,Macon,138,734,1.82
Alabama,Madison,"2,155",611,1.16
Alabama,Marengo,88,449,0.31
Alabama,Marion,89,296,-0.51
Alabama,Marshall,272,286,-0.56
Alabama,Mobile,"2,273",548,0.83
Alabama,Monroe,105,492,0.54
Alabama,Montgomery,"1,200",532,0.74
Alabama,Morgan,216,181,-1.12
Alabama,Perry,22,381,-0.05
Alabama,Pickens,35,166,-1.19
Alabama,Pike,188,564,0.92
Alabama,Randolph,45,196,-1.03
Alabama,Russell,306,505,0.6
Alabama,Shelby,419,264,-0.68
Alabama,St. Clair,261,299,-0.49
Alabama,Sumter,57,435,0.23
Alabama,Talladega,378,469,0.41
Alabama,Tallapoosa,258,639,1.31
Alabama,Tuscaloosa,819,402,0.05
Alabama,Walker,292,450,0.31
Alabama,Washington,41,243,-0.79
Alabama,Wilcox,72,645,1.34
Alabama,Winston,24,107,-1.51
Arizona,Apache,79,109,-1.16
Arizona,Cochise,366,333,0.39
Arizona,Coconino,498,357,0.55
Arizona,Gila,303,574,2.05
Arizona,Graham,36,109,-1.16
Arizona,Greenlee,4,41,-1.63
Arizona,La Paz,50,264,-0.09
Arizona,Maricopa,"17,044",409,0.91
Arizona,Mohave,445,221,-0.39
Arizona,Navajo,304,281,0.02
Arizona,Pima,"4,761",470,1.33
Arizona,Pinal,884,221,-0.39
Arizona,Santa Cruz,66,140,-0.95
Arizona,Yavapai,527,300,0.15
Arizona,Yuma,678,330,0.37
Arkansas,Arkansas,88,473,0.29
Arkansas,Ashley,67,321,-0.32
Arkansas,Baxter,75,182,-0.87
Arkansas,Benton,662,275,-0.5
Arkansas,Boone,206,551,0.61
Arkansas,Bradley,29,261,-0.55
Arkansas,Calhoun,11,211,-0.76
Arkansas,Carroll,94,337,-0.25
Arkansas,Chicot,41,367,-0.13
Arkansas,Clark,75,329,-0.28
Arkansas,Clay,33,221,-0.72
Arkansas,Cleburne,94,367,-0.13
Arkansas,Cleveland,8,95,-1.22
Arkansas,Columbia,76,317,-0.33
Arkansas,Conway,45,211,-0.76
Arkansas,Craighead,450,431,0.13
Arkansas,Crawford,234,380,-0.08
Arkansas,Crittenden,624,"1,274",3.5
Arkansas,Cross,115,664,1.06
Arkansas,Dallas,46,597,0.79
Arkansas,Desha,62,730,1.32
Arkansas,Drew,68,362,-0.15
Arkansas,Faulkner,441,361,-0.15
Arkansas,Franklin,76,427,0.11
Arkansas,Fulton,23,184,-0.87
Arkansas,Garland,512,645,0.98
Arkansas,Grant,46,254,-0.58
Arkansas,Greene,167,379,-0.08
Arkansas,Hempstead,140,628,0.92
Arkansas,Hot Spring,77,230,-0.68
Arkansas,Howard,21,154,-0.99
Arkansas,Independence,184,496,0.39
Arkansas,Izard,30,221,-0.72
Arkansas,Jackson,120,692,1.17
Arkansas,Jefferson,719,"1,009",2.44
Arkansas,Johnson,64,244,-0.63
Arkansas,Lafayette,13,178,-0.89
Arkansas,Lawrence,38,227,-0.69
Arkansas,Lee,29,294,-0.43
Arkansas,Lincoln,22,155,-0.98
Arkansas,Little River,18,144,-1.02
Arkansas,Logan,82,380,-0.08
Arkansas,Lonoke,244,340,-0.24
Arkansas,Madison,30,188,-0.85
Arkansas,Marion,56,342,-0.23
Arkansas,Miller,235,537,0.55
Arkansas,Mississippi,432,987,2.35
Arkansas,Monroe,28,371,-0.12
Arkansas,Montgomery,20,219,-0.73
Arkansas,Nevada,17,194,-0.82
Arkansas,Newton,25,316,-0.34
Arkansas,Ouachita,113,620,0.88
Arkansas,Perry,53,519,0.48
Arkansas,Phillips,146,"1,192",3
Arkansas,Pike,16,142,-1.03
Arkansas,Poinsett,79,348,-0.21
Arkansas,Polk,60,297,-0.41
Arkansas,Pope,235,372,-0.11
Arkansas,Prairie,14,170,-0.92
Arkansas,Pulaski,"4,170","1,060",2.64
Arkansas,Randolph,52,295,-0.42
Arkansas,Saline,415,352,-0.19
Arkansas,Scott,33,318,-0.33
Arkansas,Searcy,10,127,-1.09
Arkansas,Sebastian,808,636,0.94
Arkansas,Sevier,38,216,-0.74
Arkansas,Sharp,,,0
Arkansas,St. Francis,204,777,1.51
Arkansas,Stone,30,239,-0.64
Arkansas,Union,234,583,0.73
Arkansas,Van Buren,47,278,-0.49
Arkansas,Washington,700,455,0.22
Arkansas,White,189,344,-0.22
Arkansas,Woodruff,11,161,-0.96
Arkansas,Yell,73,334,-0.26
California,Alameda,"10,242",629,1.39
California,Alpine,5,442,0.15
California,Amador,87,237,-1.23
California,Butte,734,327,-0.63
California,Calaveras,146,327,-0.62
California,Colusa,43,201,-1.47
California,Contra Costa,"3,773",336,-0.57
California,Del Norte,167,609,1.26
California,El Dorado,399,218,-1.36
California,Fresno,"5,264",542,0.81
California,Glenn,114,408,-0.08
California,Humboldt,584,432,0.08
California,Imperial,630,366,-0.36
California,Inyo,110,600,1.2
California,Kern,"4,797",545,0.83
California,Kings,668,443,0.15
California,Lake,343,535,0.77
California,Lassen,183,587,1.11
California,Los Angeles,"49,549",488,0.45
California,Madera,956,620,1.33
California,Marin,465,178,-1.62
California,Mariposa,76,431,0.07
California,Mendocino,559,640,1.47
California,Merced,"1,487",555,0.9
California,Modoc,45,505,0.56
California,Mono,37,262,-1.06
California,Monterey,"1,828",421,0
California,Napa,566,398,-0.15
California,Nevada,260,264,-1.05
California,Orange,"6,766",214,-1.38
California,Placer,609,162,-1.73
California,Plumas,106,575,1.03
California,Riverside,"6,854",291,-0.86
California,Sacramento,"7,593",508,0.59
California,San Benito,176,299,-0.81
California,San Bernardino,"9,375",442,0.14
California,San Diego,"10,772",328,-0.62
California,San Francisco,"6,546",760,2.27
California,San Joaquin,"5,676",787,2.45
California,San Luis Obispo,"1,146",408,-0.08
California,San Mateo,"1,598",209,-1.41
California,Santa Barbara,"1,411",318,-0.69
California,Santa Clara,"5,050",264,-1.05
California,Santa Cruz,"1,120",410,-0.07
California,Shasta,"1,304",726,2.04
California,Sierra,13,422,0.01
California,Siskiyou,149,344,-0.51
California,Solano,"2,066",476,0.37
California,Sonoma,"1,845",368,-0.35
California,Stanislaus,"3,096",578,1.05
California,Sutter,338,352,-0.46
California,Tehama,341,540,0.8
California,Trinity,50,380,-0.27
California,Tulare,"1,756",382,-0.26
California,Tuolumne,169,316,-0.7
California,Ventura,"2,042",240,-1.2
California,Yolo,698,332,-0.59
California,Yuba,307,414,-0.05
Colorado,Adams,"1,825",372,1.31
Colorado,Alamosa,,,0
Colorado,Arapahoe,"2,082",330,1
Colorado,Archuleta,24,190,-0.03
Colorado,Baca,4,96,-0.72
Colorado,Bent,8,133,-0.45
Colorado,Boulder,698,242,0.35
Colorado,Broomfield,33,51,-1.06
Colorado,Chaffee,12,61,-0.98
Colorado,Cheyenne,2,80,-0.84
Colorado,Clear Creek,51,563,2.72
Colorado,Conejos,4,45,-1.1
Colorado,Costilla,8,226,0.24
Colorado,Crowley,4,65,-0.95
Colorado,Custer,6,125,-0.51
Colorado,Delta,23,84,-0.81
Colorado,Denver,"4,309",631,3.22
Colorado,Dolores,4,175,-0.14
Colorado,Douglas,365,114,-0.59
Colorado,Eagle,77,144,-0.37
Colorado,El Paso,"2,697",400,1.51
Colorado,Elbert,1,4,-1.4
Colorado,Fremont,105,225,0.23
Colorado,Garfield,110,189,-0.04
Colorado,Gilpin,16,286,0.68
Colorado,Grand,11,81,-0.84
Colorado,Gunnison,29,179,-0.11
Colorado,Hinsdale,2,255,NR
Colorado,Huerfano,25,409,1.58
Colorado,Jackson,0,0,NR
Colorado,Jefferson,"1,434",254,0.44
Colorado,Kiowa,,,0
Colorado,Kit Carson,16,206,0.09
Colorado,La Plata,96,175,-0.15
Colorado,Lake,15,202,0.05
Colorado,Larimer,666,201,0.05
Colorado,Las Animas,21,147,-0.35
Colorado,Lincoln,6,100,-0.7
Colorado,Logan,67,301,0.79
Colorado,Mesa,516,348,1.13
Colorado,Mineral,1,137,NR
Colorado,Moffat,21,159,-0.26
Colorado,Montezuma,42,159,-0.26
Colorado,Montrose,53,134,-0.44
Colorado,Morgan,56,203,0.06
Colorado,Otero,29,158,-0.27
Colorado,Ouray,3,82,-0.83
Colorado,Park,18,112,-0.6
Colorado,Phillips,7,161,-0.24
Colorado,Pitkin,11,62,-0.98
Colorado,Prowers,7,57,-1.01
Colorado,Pueblo,"1,031",630,3.21
Colorado,Rio Blanco,7,97,-0.72
Colorado,Rio Grande,23,201,0.05
Colorado,Routt,38,159,-0.26
Colorado,Saguache,11,176,-0.14
Colorado,San Juan,1,72,NR
Colorado,San Miguel,9,114,-0.59
Colorado,Sedgwick,8,338,1.06
Colorado,Summit,53,176,-0.13
Colorado,Teller,57,242,0.35
Colorado,Washington,7,134,-0.44
Colorado,Weld,772,273,0.58
Colorado,Yuma,1,5,-1.4
Connecticut,Fairfield,"2,219",238,0.17
Connecticut,Hartford,"2,361",270,0.51
Connecticut,Litchfield,122,106,-1.25
Connecticut,Middlesex,117,110,-1.21
Connecticut,New Haven,"2,650",329,1.13
Connecticut,New London,432,283,0.65
Connecticut,Tolland,,,0
Connecticut,Windham,,,0
Delaware,Kent,777,448,-0.27
Delaware,New Castle,"3,067",551,1.11
Delaware,Sussex,870,406,-0.84
District of Columbia,District of Columbia,"8,218","1,226",
Florida,Alachua,"1,455",561,0.82
Florida,Baker,128,466,0.33
Florida,Bay,901,497,0.49
Florida,Bradford,120,454,0.27
Florida,Brevard,"2,807",496,0.49
Florida,Broward,"7,570",398,-0.02
Florida,Calhoun,25,174,-1.16
Florida,Charlotte,343,200,-1.03
Florida,Citrus,412,296,-0.53
Florida,Clay,545,268,-0.68
Florida,Collier,931,261,-0.71
Florida,Columbia,390,571,0.87
Florida,DeSoto,155,441,0.2
Florida,Dixie,76,499,0.5
Florida,Duval,"5,961",654,1.3
Florida,Escambia,"2,060",660,1.32
Florida,Flagler,254,243,-0.81
Florida,Franklin,32,268,-0.68
Florida,Gadsden,151,361,-0.2
Florida,Gilchrist,55,323,-0.4
Florida,Glades,32,234,-0.86
Florida,Gulf,63,392,-0.04
Florida,Hamilton,48,332,-0.35
Florida,Hardee,75,269,-0.67
Florida,Hendry,215,560,0.81
Florida,Hernando,459,258,-0.73
Florida,Highlands,301,318,-0.42
Florida,Hillsborough,"4,195",312,-0.46
Florida,Holmes,61,335,-0.34
Florida,Indian River,376,255,-0.75
Florida,Jackson,166,360,-0.21
Florida,Jefferson,123,874,2.42
Florida,Lafayette,18,199,-1.03
Florida,Lake,952,306,-0.48
Florida,Lee,"2,432",348,-0.27
Florida,Leon,"2,123",739,1.73
Florida,Levy,420,"1,076",3.46
Florida,Liberty,5,54,-1.78
Florida,Madison,162,872,2.41
Florida,Manatee,"1,874",519,0.6
Florida,Marion,"1,296",377,-0.12
Florida,Martin,375,240,-0.82
Florida,Miami-Dade,"16,263",602,1.03
Florida,Monroe,337,431,0.16
Florida,Nassau,130,166,-1.2
Florida,Okaloosa,790,395,-0.03
Florida,Okeechobee,154,390,-0.05
Florida,Orange,"8,345",648,1.26
Florida,Osceola,"1,374",426,0.13
Florida,Palm Beach,"6,420",452,0.26
Florida,Pasco,"1,502",304,-0.49
Florida,Pinellas,"4,412",465,0.33
Florida,Polk,"2,204",341,-0.31
Florida,Putnam,388,537,0.7
Florida,Santa Rosa,244,145,-1.31
Florida,Sarasota,965,239,-0.83
Florida,Seminole,"1,603",357,-0.22
Florida,St. Johns,509,225,-0.9
Florida,St. Lucie,888,299,-0.52
Florida,Sumter,250,212,-0.96
Florida,Suwannee,228,514,0.58
Florida,Taylor,209,916,2.64
Florida,Union,42,273,-0.65
Florida,Volusia,"2,201",428,0.14
Florida,Wakulla,69,219,-0.93
Florida,Walton,230,362,-0.2
Florida,Washington,47,190,-1.08
Georgia,Appling,70,379,0.28
Georgia,Atkinson,,,0
Georgia,Bacon,,,0
Georgia,Baker,,,0
Georgia,Baldwin,316,689,1.71
Georgia,Banks,36,195,-0.58
Georgia,Barrow,370,497,0.82
Georgia,Bartow,477,468,0.69
Georgia,Ben Hill,63,361,0.19
Georgia,Berrien,43,224,-0.44
Georgia,Bibb,767,501,0.84
Georgia,Bleckley,44,355,0.16
Georgia,Brantley,37,199,-0.56
Georgia,Brooks,78,527,0.96
Georgia,Bryan,91,258,-0.28
Georgia,Bulloch,133,185,-0.62
Georgia,Burke,140,620,1.39
Georgia,Butts,72,305,-0.07
Georgia,Calhoun,93,"1,499",3
Georgia,Camden,136,320,0
Georgia,Candler,,,0
Georgia,Carroll,356,311,-0.04
Georgia,Catoosa,172,260,-0.27
Georgia,Charlton,25,189,-0.6
Georgia,Chatham,"1,285",448,0.6
Georgia,Chattahoochee,0,0,-1.48
Georgia,Chattooga,34,136,-0.85
Georgia,Cherokee,218,93,-1.05
Georgia,Clarke,502,405,0.4
Georgia,Clay,4,200,-0.55
Georgia,Clayton,"1,716",632,1.45
Georgia,Clinch,33,473,0.71
Georgia,Cobb,"1,962",266,-0.25
Georgia,Coffee,118,325,0.03
Georgia,Colquitt,,,0
Georgia,Columbia,74,52,-1.24
Georgia,Cook,49,302,-0.08
Georgia,Coweta,320,232,-0.4
Georgia,Crawford,18,153,-0.77
Georgia,Crisp,67,288,-0.14
Georgia,Dade,55,333,0.06
Georgia,Dawson,23,97,-1.03
Georgia,Decatur,184,679,1.66
Georgia,DeKalb,"4,717",644,1.51
Georgia,Dodge,74,377,0.27
Georgia,Dooly,19,155,-0.76
Georgia,Dougherty,863,941,2.88
Georgia,Douglas,429,306,-0.06
Georgia,Early,81,777,2.12
Georgia,Echols,4,86,-1.08
Georgia,Effingham,67,118,-0.93
Georgia,Elbert,70,359,0.18
Georgia,Emanuel,82,371,0.24
Georgia,Evans,17,160,-0.74
Georgia,Fannin,30,124,-0.9
Georgia,Fayette,81,73,-1.14
Georgia,Floyd,326,338,0.09
Georgia,Forsyth,117,55,-1.22
Georgia,Franklin,30,145,-0.81
Georgia,Fulton,"7,747",763,2.06
Georgia,Gilmer,79,271,-0.22
Georgia,Glascock,3,91,-1.06
Georgia,Glynn,399,479,0.74
Georgia,Gordon,154,274,-0.21
Georgia,Grady,49,194,-0.58
Georgia,Greene,42,252,-0.31
Georgia,Gwinnett,"1,980",221,-0.45
Georgia,Habersham,80,181,-0.64
Georgia,Hall,611,316,-0.02
Georgia,Hancock,28,334,0.07
Georgia,Haralson,184,640,1.49
Georgia,Harris,41,124,-0.91
Georgia,Hart,87,347,0.13
Georgia,Heard,23,196,-0.57
Georgia,Henry,381,176,-0.66
Georgia,Houston,546,362,0.2
Georgia,Irwin,24,258,-0.28
Georgia,Jackson,135,222,-0.45
Georgia,Jasper,51,412,0.43
Georgia,Jeff Davis,52,348,0.13
Georgia,Jefferson,80,508,0.88
Georgia,Jenkins,,,0
Georgia,Johnson,35,374,0.25
Georgia,Jones,28,99,-1.02
Georgia,Lamar,88,496,0.82
Georgia,Lanier,40,383,0.3
Georgia,Laurens,163,359,0.18
Georgia,Lee,46,175,-0.67
Georgia,Liberty,304,478,0.74
Georgia,Lincoln,32,418,0.46
Georgia,Long,17,95,-1.04
Georgia,Lowndes,319,280,-0.18
Georgia,Lumpkin,13,41,-1.29
Georgia,Macon,41,311,-0.04
Georgia,Madison,53,191,-0.59
Georgia,Marion,5,57,-1.21
Georgia,McDuffie,28,154,-0.77
Georgia,McIntosh,18,138,-0.84
Georgia,Meriwether,65,321,0.01
Georgia,Miller,11,188,-0.61
Georgia,Mitchell,59,262,-0.26
Georgia,Monroe,49,178,-0.65
Georgia,Montgomery,,,0
Georgia,Morgan,30,176,-0.66
Georgia,Murray,177,448,0.59
Georgia,Muscogee,"1,160",567,1.15
Georgia,Newton,416,396,0.36
Georgia,Oconee,41,114,-0.95
Georgia,Oglethorpe,53,358,0.18
Georgia,Paulding,217,143,-0.82
Georgia,Peach,138,515,0.91
Georgia,Pickens,63,226,-0.43
Georgia,Pierce,62,325,0.03
Georgia,Pike,17,93,-1.05
Georgia,Polk,235,569,1.16
Georgia,Pulaski,55,632,1.45
Georgia,Putnam,91,422,0.48
Georgia,Quitman,4,152,-0.77
Georgia,Rabun,21,126,-0.9
Georgia,Randolph,18,253,-0.31
Georgia,Richmond,865,429,0.51
Georgia,Rockdale,266,300,-0.09
Georgia,Schley,8,155,-0.76
Georgia,Screven,46,342,0.1
Georgia,Seminole,23,261,-0.27
Georgia,Spalding,374,585,1.23
Georgia,Stephens,71,276,-0.2
Georgia,Stewart,1,23,-1.37
Georgia,Sumter,212,696,1.75
Georgia,Talbot,6,90,-1.06
Georgia,Taliaferro,2,178,-0.65
Georgia,Tattnall,25,105,-0.99
Georgia,Taylor,15,174,-0.67
Georgia,Telfair,20,192,-0.59
Georgia,Terrell,34,378,0.27
Georgia,Thomas,116,264,-0.25
Georgia,Tift,230,565,1.14
Georgia,Toombs,81,425,0.49
Georgia,Towns,36,320,0
Georgia,Treutlen,5,122,-0.91
Georgia,Troup,233,332,0.06
Georgia,Turner,101,"1,307",3
Georgia,Twiggs,19,222,-0.45
Georgia,Union,37,165,-0.71
Georgia,Upson,101,381,0.29
Georgia,Walker,378,556,1.09
Georgia,Walton,266,302,-0.08
Georgia,Ware,177,500,0.84
Georgia,Warren,10,278,-0.19
Georgia,Washington,54,264,-0.25
Georgia,Wayne,176,591,1.26
Georgia,Webster,4,131,-0.87
Georgia,Wheeler,4,50,-1.25
Georgia,White,49,173,-0.68
Georgia,Whitfield,270,263,-0.26
Georgia,Wilcox,22,258,-0.29
Georgia,Wilkes,30,308,-0.05
Georgia,Wilkinson,14,179,-0.65
Georgia,Worth,88,419,0.46
Hawaii,Hawaii,462,237,-0.48
Hawaii,Honolulu,"2,366",238,-0.47
Hawaii,Kalawao,,,NR
Hawaii,Kauai,169,235,-0.55
Hawaii,Maui,480,293,1.5
Idaho,Ada,"1,005",231,0.76
Idaho,Adams,5,117,-0.63
Idaho,Bannock,214,254,1.06
Idaho,Bear Lake,11,176,0.09
Idaho,Benewah,22,272,1.28
Idaho,Bingham,74,163,-0.07
Idaho,Blaine,38,173,0.06
Idaho,Boise,11,164,-0.06
Idaho,Bonner,69,166,-0.04
Idaho,Bonneville,303,274,1.3
Idaho,Boundary,11,94,-0.92
Idaho,Butte,4,139,-0.37
Idaho,Camas,0,0,NR
Idaho,Canyon,547,263,1.17
Idaho,Caribou,4,59,-1.35
Idaho,Cassia,45,188,0.24
Idaho,Clark,2,233,NR
Idaho,Clearwater,21,239,0.87
Idaho,Custer,3,60,-1.34
Idaho,Elmore,47,181,0.15
Idaho,Franklin,5,38,-1.61
Idaho,Fremont,11,82,-1.07
Idaho,Gem,31,183,0.18
Idaho,Gooding,24,158,-0.13
Idaho,Idaho,22,135,-0.41
Idaho,Jefferson,14,51,-1.45
Idaho,Jerome,64,278,1.35
Idaho,Kootenai,384,255,1.07
Idaho,Latah,41,105,-0.78
Idaho,Lemhi,14,175,0.08
Idaho,Lewis,5,129,-0.49
Idaho,Lincoln,10,177,0.1
Idaho,Madison,21,54,-1.42
Idaho,Minidoka,35,168,-0.01
Idaho,Nez Perce,59,145,-0.29
Idaho,Oneida,3,70,-1.22
Idaho,Owyhee,21,183,0.18
Idaho,Payette,51,220,0.64
Idaho,Power,9,110,-0.72
Idaho,Shoshone,50,396,2.81
Idaho,Teton,9,85,-1.03
Idaho,Twin Falls,200,242,0.91
Idaho,Valley,33,327,1.96
Idaho,Washington,10,100,-0.84
Illinois,Adams,229,346,0.54
Illinois,Alexander,92,"1,316",3
Illinois,Bond,7,39,-0.98
Illinois,Boone,92,171,-0.33
Illinois,Brown,7,134,-0.51
Illinois,Bureau,42,132,-0.52
Illinois,Calhoun,,,0
Illinois,Carroll,6,47,-0.94
Illinois,Cass,67,518,1.39
Illinois,Champaign,"1,007",487,1.24
Illinois,Christian,50,185,-0.26
Illinois,Clark,24,189,-0.24
Illinois,Clay,8,60,-0.88
Illinois,Clinton,51,146,-0.45
Illinois,Coles,147,278,0.2
Illinois,Cook,"31,925",620,1.89
Illinois,Crawford,42,289,0.25
Illinois,Cumberland,13,115,-0.6
Illinois,De Witt,27,188,-0.24
Illinois,DeKalb,283,276,0.19
Illinois,Douglas,36,223,-0.07
Illinois,DuPage,827,89,-0.74
Illinois,Edgar,48,294,0.28
Illinois,Edwards,,,0
Illinois,Effingham,61,181,-0.28
Illinois,Fayette,28,135,-0.5
Illinois,Ford,34,252,0.07
Illinois,Franklin,57,160,-0.38
Illinois,Fulton,36,115,-0.6
Illinois,Gallatin,8,180,-0.28
Illinois,Greene,27,203,-0.17
Illinois,Grundy,50,101,-0.67
Illinois,Hamilton,3,55,-0.9
Illinois,Hancock,10,76,-0.8
Illinois,Hardin,9,207,-0.15
Illinois,Henderson,,,0
Illinois,Henry,58,130,-0.53
Illinois,Iroquois,36,136,-0.5
Illinois,Jackson,246,419,0.9
Illinois,Jasper,,,0
Illinois,Jefferson,231,603,1.81
Illinois,Jersey,30,132,-0.52
Illinois,Jo Daviess,29,131,-0.52
Illinois,Johnson,31,262,0.12
Illinois,Kane,857,166,-0.35
Illinois,Kankakee,310,318,0.4
Illinois,Kendall,128,104,-0.66
Illinois,Knox,156,355,0.58
Illinois,Lake,"1,057",154,-0.41
Illinois,LaSalle,134,125,-0.56
Illinois,Lawrence,15,107,-0.64
Illinois,Lee,48,142,-0.47
Illinois,Livingston,68,184,-0.26
Illinois,Logan,65,233,-0.02
Illinois,Macon,417,390,0.75
Illinois,Macoupin,75,170,-0.33
Illinois,Madison,581,249,0.06
Illinois,Marion,128,347,0.54
Illinois,Marshall,18,161,-0.38
Illinois,Mason,36,364,0.63
Illinois,Massac,47,318,0.4
Illinois,McDonough,82,257,0.1
Illinois,McHenry,288,96,-0.7
Illinois,McLean,497,287,0.25
Illinois,Menard,10,84,-0.76
Illinois,Mercer,15,96,-0.7
Illinois,Monroe,11,31,-1.02
Illinois,Montgomery,37,132,-0.52
Illinois,Morgan,56,169,-0.34
Illinois,Moultrie,,,0
Illinois,Ogle,29,71,-0.82
Illinois,Peoria,979,524,1.42
Illinois,Perry,28,131,-0.52
Illinois,Piatt,25,167,-0.35
Illinois,Pike,15,94,-0.71
Illinois,Pope,,,0
Illinois,Pulaski,17,351,0.56
Illinois,Putnam,1,12,-1.12
Illinois,Randolph,30,97,-0.69
Illinois,Richland,54,334,0.48
Illinois,Rock Island,505,347,0.54
Illinois,Saline,80,346,0.54
Illinois,Sangamon,"1,567",815,2.86
Illinois,Schuyler,10,140,-0.48
Illinois,Scott,1,28,-1.04
Illinois,Shelby,9,52,-0.92
Illinois,St. Clair,"1,590",615,1.87
Illinois,Stark,2,41,-0.97
Illinois,Stephenson,56,128,-0.54
Illinois,Tazewell,309,241,0.02
Illinois,Union,35,212,-0.12
Illinois,Vermilion,549,705,2.32
Illinois,Wabash,18,157,-0.4
Illinois,Warren,41,231,-0.03
Illinois,Washington,46,332,0.47
Illinois,Wayne,44,283,0.23
Illinois,White,24,278,0.2
Illinois,Whiteside,106,191,-0.23
Illinois,Will,"1,104",163,-0.37
Illinois,Williamson,40,63,-0.86
Illinois,Winnebago,"2,523",887,3.22
Illinois,Woodford,25,73,-0.81
Indiana,Adams,,,0
Indiana,Allen,"1,088",296,0.45
Indiana,Bartholomew,78,96,-0.55
Indiana,Benton,,,0
Indiana,Blackford,6,49,-0.78
Indiana,Boone,63,187,-0.09
Indiana,Brown,28,187,-0.09
Indiana,Carroll,,,0
Indiana,Cass,27,70,-0.67
Indiana,Clark,409,356,0.75
Indiana,Clay,,,0
Indiana,Clinton,35,107,-0.49
Indiana,Crawford,25,238,0.16
Indiana,Daviess,53,161,-0.22
Indiana,Dearborn,,,0
Indiana,Decatur,,,0
Indiana,DeKalb,38,117,-0.44
Indiana,Delaware,317,271,0.33
Indiana,Dubois,85,395,0.95
Indiana,Elkhart,720,357,0.76
Indiana,Fayette,,,0
Indiana,Floyd,98,132,-0.36
Indiana,Fountain,,,0
Indiana,Franklin,8,36,-0.84
Indiana,Fulton,7,49,-0.78
Indiana,Gibson,26,115,-0.45
Indiana,Grant,160,234,0.14
Indiana,Greene,12,39,-0.83
Indiana,Hamilton,71,33,-0.86
Indiana,Hancock,86,118,-0.44
Indiana,Harrison,32,82,-0.62
Indiana,Hendricks,279,176,-0.15
Indiana,Henry,5,16,-0.94
Indiana,Howard,352,431,1.13
Indiana,Huntington,6,33,-0.86
Indiana,Jackson,98,223,0.09
Indiana,Jasper,,,0
Indiana,Jay,19,100,-0.53
Indiana,Jefferson,,,0
Indiana,Jennings,73,261,0.28
Indiana,Johnson,421,284,0.39
Indiana,Knox,38,109,-0.48
Indiana,Kosciusko,121,159,-0.23
Indiana,LaGrange,40,103,-0.51
Indiana,Lake,"1,808",395,0.95
Indiana,LaPorte,324,302,0.48
Indiana,Lawrence,130,315,0.55
Indiana,Madison,269,211,0.03
Indiana,Marion,"11,459","1,251",5.21
Indiana,Marshall,,,0
Indiana,Martin,,,0
Indiana,Miami,53,147,-0.29
Indiana,Monroe,444,307,0.51
Indiana,Montgomery,320,837,3.15
Indiana,Morgan,,,0
Indiana,Newton,3,22,-0.92
Indiana,Noble,74,158,-0.24
Indiana,Ohio,,,0
Indiana,Orange,,,0
Indiana,Owen,,,0
Indiana,Parke,11,64,-0.71
Indiana,Perry,,,0
Indiana,Pike,6,58,-0.73
Indiana,Porter,155,97,-0.54
Indiana,Posey,68,305,0.5
Indiana,Pulaski,,,0
Indiana,Putnam,,,0
Indiana,Randolph,,,0
Indiana,Ripley,7,30,-0.88
Indiana,Rush,,,0
Indiana,Scott,38,194,-0.06
Indiana,Shelby,239,535,1.65
Indiana,Spencer,,,0
Indiana,St. Joseph,"1,136",426,1.1
Indiana,Starke,19,97,-0.54
Indiana,Steuben,21,70,-0.68
Indiana,Sullivan,22,128,-0.39
Indiana,Switzerland,,,0
Indiana,Tippecanoe,445,243,0.19
Indiana,Tipton,20,132,-0.36
Indiana,Union,,,0
Indiana,Vanderburgh,744,409,1.01
Indiana,Vermillion,,,0
Indiana,Vigo,247,233,0.14
Indiana,Wabash,11,51,-0.77
Indiana,Warren,,,0
Indiana,Warrick,138,223,0.09
Indiana,Washington,,,0
Indiana,Wayne,,,0
Indiana,Wells,5,18,-0.93
Indiana,White,15,62,-0.72
Indiana,Whitley,,,0
Iowa,Adair,8,103,-0.67
Iowa,Adams,3,66,-0.95
Iowa,Allamakee,6,39,-1.14
Iowa,Appanoose,28,219,0.19
Iowa,Audubon,4,70,-0.92
Iowa,Benton,,,0
Iowa,Black Hawk,683,511,2.37
Iowa,Boone,74,277,0.62
Iowa,Bremer,94,378,1.37
Iowa,Buchanan,10,48,-1.08
Iowa,Buena Vista,64,311,0.88
Iowa,Butler,2,10,-1.36
Iowa,Calhoun,5,46,-1.1
Iowa,Carroll,13,63,-0.97
Iowa,Cass,32,238,0.34
Iowa,Cedar,18,95,-0.73
Iowa,Cerro Gordo,58,133,-0.45
Iowa,Cherokee,21,175,-0.13
Iowa,Chickasaw,21,173,-0.15
Iowa,Clarke,13,140,-0.4
Iowa,Clay,25,149,-0.33
Iowa,Clayton,11,60,-0.99
Iowa,Clinton,232,484,2.17
Iowa,Crawford,10,59,-1
Iowa,Dallas,154,192,-0.01
Iowa,Davis,10,114,-0.59
Iowa,Decatur,,,0
Iowa,Delaware,26,147,-0.35
Iowa,Des Moines,209,518,2.41
Iowa,Dickinson,23,131,-0.46
Iowa,Dubuque,204,210,0.13
Iowa,Emmet,39,393,1.48
Iowa,Fayette,57,279,0.63
Iowa,Floyd,28,175,-0.13
Iowa,Franklin,,,0
Iowa,Fremont,27,397,1.52
Iowa,Greene,7,77,-0.87
Iowa,Grundy,12,97,-0.72
Iowa,Guthrie,4,33,-1.19
Iowa,Hamilton,32,211,0.13
Iowa,Hancock,13,117,-0.56
Iowa,Hardin,17,106,-0.65
Iowa,Harrison,5,32,-1.2
Iowa,Henry,43,225,0.23
Iowa,Howard,6,63,-0.97
Iowa,Humboldt,6,57,-1.01
Iowa,Ida,12,162,-0.23
Iowa,Iowa,17,104,-0.67
Iowa,Jackson,16,82,-0.83
Iowa,Jasper,93,253,0.45
Iowa,Jefferson,15,84,-0.81
Iowa,Johnson,391,271,0.58
Iowa,Jones,,,0
Iowa,Keokuk,13,136,-0.42
Iowa,Kossuth,24,158,-0.26
Iowa,Lee,170,480,2.13
Iowa,Linn,496,226,0.24
Iowa,Louisa,18,156,-0.28
Iowa,Lucas,16,184,-0.07
Iowa,Lyon,14,134,-0.44
Iowa,Madison,18,112,-0.6
Iowa,Mahaska,60,268,0.56
Iowa,Marion,69,274,0.6
Iowa,Marshall,185,452,1.92
Iowa,Mills,43,287,0.69
Iowa,Mitchell,8,74,-0.89
Iowa,Monona,13,143,-0.38
Iowa,Monroe,7,81,-0.83
Iowa,Montgomery,23,424,1.72
Iowa,Muscatine,185,429,1.76
Iowa,O'Brien,31,219,0.19
Iowa,Osceola,6,90,-0.77
Iowa,Page,41,266,0.54
Iowa,Palo Alto,27,291,0.73
Iowa,Plymouth,26,103,-0.67
Iowa,Pocahontas,8,114,-0.59
Iowa,Polk,"1,826",392,1.48
Iowa,Pottawattamie,348,373,1.34
Iowa,Poweshiek,37,199,0.04
Iowa,Ringgold,3,59,-1
Iowa,Sac,5,50,-1.06
Iowa,Scott,850,494,2.24
Iowa,Shelby,,,0
Iowa,Sioux,15,43,-1.12
Iowa,Story,126,142,-0.38
Iowa,Tama,52,322,0.96
Iowa,Taylor,3,41,-1.14
Iowa,Union,28,219,0.19
Iowa,Van Buren,9,116,-0.58
Iowa,Wapello,111,315,0.91
Iowa,Warren,163,337,1.07
Iowa,Washington,72,322,0.95
Iowa,Wayne,8,117,-0.57
Iowa,Webster,173,469,2.05
Iowa,Winnebago,12,114,-0.59
Iowa,Winneshiek,9,43,-1.12
Iowa,Woodbury,364,355,1.2
Iowa,Worth,7,93,-0.75
Iowa,Wright,10,74,-0.89
Kansas,Allen,37,319,0.65
Kansas,Anderson,18,237,0.06
Kansas,Atchison,48,288,0.43
Kansas,Barber,13,297,0.49
Kansas,Barton,100,364,0.98
Kansas,Bourbon,77,522,2.13
Kansas,Brown,21,213,-0.12
Kansas,Butler,119,182,-0.35
Kansas,Chase,4,150,-0.58
Kansas,Chautauqua,,,0
Kansas,Cherokee,63,318,0.65
Kansas,Cheyenne,4,151,-0.58
Kansas,Clark,4,188,-0.3
Kansas,Clay,14,168,-0.45
Kansas,Cloud,37,403,1.27
Kansas,Coffey,8,96,-0.97
Kansas,Comanche,,,0
Kansas,Cowley,117,335,0.77
Kansas,Crawford,122,313,0.61
Kansas,Decatur,3,171,-0.43
Kansas,Dickinson,30,153,-0.56
Kansas,Doniphan,9,109,-0.88
Kansas,Douglas,259,225,-0.03
Kansas,Edwards,4,129,-0.73
Kansas,Elk,0,0,-1.67
Kansas,Ellis,86,294,0.47
Kansas,Ellsworth,5,98,-0.96
Kansas,Finney,184,495,1.94
Kansas,Ford,128,367,1
Kansas,Franklin,80,311,0.6
Kansas,Geary,182,484,1.86
Kansas,Gove,,,0
Kansas,Graham,3,116,-0.83
Kansas,Grant,15,192,-0.28
Kansas,Gray,10,157,-0.53
Kansas,Greeley,2,152,-0.57
Kansas,Greenwood,14,224,-0.04
Kansas,Hamilton,3,124,-0.77
Kansas,Harper,17,387,1.15
Kansas,Harvey,132,384,1.12
Kansas,Haskell,7,160,-0.51
Kansas,Hodgeman,2,78,-1.1
Kansas,Jackson,22,176,-0.39
Kansas,Jefferson,37,199,-0.23
Kansas,Jewell,,,0
Kansas,Johnson,887,157,-0.53
Kansas,Kearny,10,242,0.09
Kansas,Kingman,13,179,-0.37
Kansas,Kiowa,1,39,-1.39
Kansas,Labette,88,426,1.43
Kansas,Lane,4,208,-0.16
Kansas,Leavenworth,330,417,1.37
Kansas,Lincoln,1,32,-1.44
Kansas,Linn,10,120,-0.8
Kansas,Logan,4,142,-0.64
Kansas,Lyon,58,175,-0.4
Kansas,Marion,12,100,-0.95
Kansas,Marshall,15,146,-0.61
Kansas,McPherson,41,146,-0.61
Kansas,Meade,,,0
Kansas,Miami,67,204,-0.19
Kansas,Mitchell,11,188,-0.3
Kansas,Montgomery,159,575,2.52
Kansas,Morris,6,107,-0.9
Kansas,Morton,13,412,1.33
Kansas,Nemaha,12,118,-0.81
Kansas,Neosho,45,277,0.35
Kansas,Ness,5,166,-0.47
Kansas,Norton,5,90,-1.02
Kansas,Osage,22,144,-0.62
Kansas,Osborne,5,134,-0.7
Kansas,Ottawa,4,59,-1.25
Kansas,Pawnee,19,276,0.34
Kansas,Phillips,8,138,-0.67
Kansas,Pottawatomie,54,230,0.01
Kansas,Pratt,19,194,-0.26
Kansas,Rawlins,6,215,-0.1
Kansas,Reno,226,355,0.91
Kansas,Republic,8,169,-0.44
Kansas,Rice,6,96,-0.97
Kansas,Riley,197,259,0.22
Kansas,Rooks,4,77,-1.11
Kansas,Rush,5,144,-0.62
Kansas,Russell,26,366,0.99
Kansas,Saline,221,397,1.22
Kansas,Scott,16,320,0.66
Kansas,Sedgwick,"3,691",725,3.61
Kansas,Seward,70,299,0.5
Kansas,Shawnee,789,444,1.56
Kansas,Sheridan,3,117,-0.82
Kansas,Sherman,15,240,0.07
Kansas,Smith,1,48,-1.32
Kansas,Stafford,9,199,-0.22
Kansas,Stanton,,,0
Kansas,Stevens,4,88,-1.03
Kansas,Sumner,46,202,-0.2
Kansas,Thomas,19,234,0.03
Kansas,Trego,6,204,-0.19
Kansas,Wabaunsee,10,156,-0.53
Kansas,Wallace,0,0,NR
Kansas,Washington,4,72,-1.15
Kansas,Wichita,6,278,0.35
Kansas,Wilson,21,237,0.05
Kansas,Woodson,9,287,0.42
Kansas,Wyandotte,"1,134",704,3.46
Kentucky,Adair,8,40,-0.74
Kentucky,Allen,21,102,0.08
Kentucky,Anderson,20,89,-0.1
Kentucky,Ballard,6,66,-0.39
Kentucky,Barren,54,124,0.37
Kentucky,Bath,4,29,-0.88
Kentucky,Bell,47,170,0.97
Kentucky,Boone,169,132,0.48
Kentucky,Bourbon,26,127,0.41
Kentucky,Boyd,73,150,0.71
Kentucky,Boyle,43,145,0.65
Kentucky,Bracken,4,50,-0.6
Kentucky,Breathitt,4,30,-0.87
Kentucky,Breckinridge,13,62,-0.44
Kentucky,Bullitt,96,122,0.34
Kentucky,Butler,10,78,-0.24
Kentucky,Caldwell,25,193,1.27
Kentucky,Calloway,62,162,0.87
Kentucky,Campbell,151,164,0.89
Kentucky,Carlisle,2,41,-0.72
Kentucky,Carroll,10,92,-0.05
Kentucky,Carter,15,54,-0.56
Kentucky,Casey,6,35,-0.81
Kentucky,Christian,165,225,1.69
Kentucky,Clark,64,179,1.09
Kentucky,Clay,17,81,-0.2
Kentucky,Clinton,6,54,-0.55
Kentucky,Crittenden,8,82,-0.19
Kentucky,Cumberland,3,37,-0.77
Kentucky,Daviess,176,177,1.07
Kentucky,Edmonson,10,83,-0.17
Kentucky,Elliott,2,26,-0.91
Kentucky,Estill,7,45,-0.67
Kentucky,Fayette,"1,163",369,3.59
Kentucky,Fleming,8,55,-0.54
Kentucky,Floyd,20,52,-0.58
Kentucky,Franklin,135,269,2.27
Kentucky,Fulton,6,108,0.16
Kentucky,Gallatin,5,59,-0.49
Kentucky,Garrard,16,91,-0.07
Kentucky,Grant,19,77,-0.25
Kentucky,Graves,48,129,0.44
Kentucky,Grayson,24,93,-0.04
Kentucky,Green,4,32,-0.84
Kentucky,Greenup,18,48,-0.62
Kentucky,Hancock,5,52,-0.58
Kentucky,Hardin,170,158,0.82
Kentucky,Harlan,17,61,-0.46
Kentucky,Harrison,24,129,0.43
Kentucky,Hart,9,46,-0.66
Kentucky,Henderson,82,177,1.06
Kentucky,Henry,5,30,-0.86
Kentucky,Hickman,5,97,0.01
Kentucky,Hopkins,55,119,0.3
Kentucky,Jackson,5,37,-0.77
Kentucky,Jefferson,"4,676",612,6.77
Kentucky,Jessamine,76,146,0.66
Kentucky,Johnson,17,73,-0.3
Kentucky,Kenton,357,216,1.57
Kentucky,Knott,3,20,-1
Kentucky,Knox,21,66,-0.39
Kentucky,Larue,8,57,-0.52
Kentucky,Laurel,55,91,-0.07
Kentucky,Lawrence,10,60,-0.47
Kentucky,Lee,2,29,-0.88
Kentucky,Leslie,4,38,-0.76
Kentucky,Letcher,13,54,-0.55
Kentucky,Lewis,5,33,-0.83
Kentucky,Lincoln,9,38,-0.76
Kentucky,Livingston,6,59,-0.48
Kentucky,Logan,46,171,0.98
Kentucky,Lyon,3,30,-0.87
Kentucky,Madison,151,173,1
Kentucky,Magoffin,4,31,-0.85
Kentucky,Marion,20,100,0.05
Kentucky,Marshall,27,85,-0.14
Kentucky,Martin,8,61,-0.46
Kentucky,Mason,28,164,0.89
Kentucky,McCracken,152,233,1.8
Kentucky,McCreary,7,36,-0.78
Kentucky,McLean,6,63,-0.43
Kentucky,Meade,22,77,-0.25
Kentucky,Menifee,2,32,-0.84
Kentucky,Mercer,20,96,0
Kentucky,Metcalfe,7,66,-0.4
Kentucky,Monroe,3,29,-0.88
Kentucky,Montgomery,38,136,0.52
Kentucky,Morgan,3,23,-0.96
Kentucky,Muhlenberg,25,79,-0.22
Kentucky,Nelson,49,108,0.15
Kentucky,Nicholas,6,85,-0.15
Kentucky,Ohio,30,122,0.34
Kentucky,Oldham,53,82,-0.19
Kentucky,Owen,2,19,-1.01
Kentucky,Owsley,4,78,-0.23
Kentucky,Pendleton,8,57,-0.51
Kentucky,Perry,17,62,-0.45
Kentucky,Pike,30,48,-0.64
Kentucky,Powell,8,61,-0.46
Kentucky,Pulaski,76,119,0.3
Kentucky,Robertson,0,0,-1.26
Kentucky,Rockcastle,12,74,-0.29
Kentucky,Rowan,19,80,-0.21
Kentucky,Russell,13,70,-0.33
Kentucky,Scott,84,161,0.86
Kentucky,Shelby,54,118,0.28
Kentucky,Simpson,33,180,1.11
Kentucky,Spencer,8,45,-0.67
Kentucky,Taylor,41,161,0.85
Kentucky,Todd,11,84,-0.16
Kentucky,Trigg,16,112,0.21
Kentucky,Trimble,3,34,-0.81
Kentucky,Union,15,97,0.01
Kentucky,Warren,271,222,1.65
Kentucky,Washington,7,54,-0.55
Kentucky,Wayne,16,78,-0.24
Kentucky,Webster,6,48,-0.63
Kentucky,Whitley,35,97,0.02
Kentucky,Wolfe,6,76,-0.26
Kentucky,Woodford,20,78,-0.24
Louisiana,Acadia,274,443,0.05
Louisiana,Allen,27,124,-1.18
Louisiana,Ascension,401,337,-0.35
Louisiana,Assumption,73,319,-0.43
Louisiana,Avoyelles,227,584,0.6
Louisiana,Beauregard,40,109,-1.24
Louisiana,Bienville,54,410,-0.08
Louisiana,Bossier,605,480,0.19
Louisiana,Caddo,"1,723",688,1
Louisiana,Calcasieu,"1,237",626,0.76
Louisiana,Caldwell,22,221,-0.8
Louisiana,Cameron,17,252,-0.69
Louisiana,Catahoula,38,377,-0.2
Louisiana,Claiborne,20,155,-1.06
Louisiana,Concordia,148,735,1.18
Louisiana,De Soto,122,448,0.07
Louisiana,East Baton Rouge,"2,606",583,0.59
Louisiana,East Carroll,47,640,0.81
Louisiana,East Feliciana,85,431,0.01
Louisiana,Evangeline,57,191,-0.92
Louisiana,Franklin,24,120,-1.19
Louisiana,Grant,12,55,-1.44
Louisiana,Iberia,140,196,-0.9
Louisiana,Iberville,364,"1,096",2.57
Louisiana,Jackson,20,144,-1.1
Louisiana,Jefferson,"1,892",434,0.02
Louisiana,Jefferson Davis,75,346,-0.32
Louisiana,La Salle,37,246,-0.71
Louisiana,Lafayette,"1,147",506,0.3
Louisiana,Lafourche,273,279,-0.58
Louisiana,Lincoln,182,402,-0.11
Louisiana,Livingston,486,355,-0.29
Louisiana,Madison,68,585,0.6
Louisiana,Morehouse,151,571,0.55
Louisiana,Natchitoches,249,638,0.8
Louisiana,Orleans,"4,022","1,025",2.3
Louisiana,Ouachita,"2,083","1,378",3.66
Louisiana,Plaquemines,35,148,-1.08
Louisiana,Pointe Coupee,107,513,0.32
Louisiana,Rapides,"1,315","1,014",2.25
Louisiana,Red River,44,508,0.3
Louisiana,Richland,87,485,0.21
Louisiana,Sabine,26,112,-1.22
Louisiana,St. Bernard,111,239,-0.74
Louisiana,St. Charles,175,333,-0.37
Louisiana,St. Helena,35,340,-0.34
Louisiana,St. James,106,580,0.58
Louisiana,St. John the Baptist,63,145,-1.1
Louisiana,St. Landry,533,674,0.94
Louisiana,St. Martin,133,263,-0.64
Louisiana,St. Mary,273,517,0.34
Louisiana,St. Tammany,410,165,-1.02
Louisiana,Tangipahoa,"1,088",870,1.7
Louisiana,Tensas,7,151,-1.07
Louisiana,Terrebonne,459,404,-0.1
Louisiana,Union,61,271,-0.61
Louisiana,Vermilion,232,387,-0.16
Louisiana,Vernon,141,292,-0.53
Louisiana,Washington,313,678,0.96
Louisiana,Webster,143,368,-0.24
Louisiana,West Baton Rouge,89,351,-0.3
Louisiana,West Carroll,46,402,-0.11
Louisiana,West Feliciana,40,261,-0.65
Louisiana,Winn,71,485,0.21
Maine,Androscoggin,150,139,0.74
Maine,Aroostook,83,120,0.25
Maine,Cumberland,372,128,0.46
Maine,Franklin,34,111,0.01
Maine,Hancock,33,60,-1.31
Maine,Kennebec,203,168,1.49
Maine,Knox,21,53,-1.5
Maine,Lincoln,53,154,1.14
Maine,Oxford,64,112,0.03
Maine,Penobscot,132,86,-0.63
Maine,Piscataquis,20,118,0.19
Maine,Sagadahoc,13,37,-1.91
Maine,Somerset,70,136,0.67
Maine,Waldo,29,73,-0.98
Maine,Washington,39,123,0.32
Maine,York,304,151,1.04
Maryland,Baltimore,"4,245",511,0.55
Maryland,Baltimore City,"9,726","1,566",4.35
Maryland,Calvert,137,150,-0.75
Maryland,Caroline,84,259,-0.36
Maryland,Carroll,314,188,-0.61
Maryland,Cecil,436,427,0.25
Maryland,Charles,557,357,0
Maryland,Dorchester,148,456,0.36
Maryland,Frederick,611,249,-0.39
Maryland,Garrett,66,223,-0.48
Maryland,Harford,585,234,-0.45
Maryland,Howard,672,214,-0.52
Maryland,Kent,44,220,-0.49
Maryland,Montgomery,"1,800",173,-0.66
Maryland,Prince George's,"3,833",423,0.24
Maryland,Queen Anne's,114,233,-0.45
Maryland,Somerset,93,357,0
Maryland,St. Mary's,247,221,-0.49
Maryland,Talbot,92,243,-0.41
Maryland,Washington,467,312,-0.17
Maryland,Wicomico,479,469,0.4
Maryland,Worcester,172,334,-0.09
Massachusetts,Barnstable,856,400,0.05
Massachusetts,Berkshire,493,420,0.17
Massachusetts,Bristol,"2,798",504,0.66
Massachusetts,Dukes,,,0
Massachusetts,Essex,"2,831",368,-0.13
Massachusetts,Franklin,246,407,0.09
Massachusetts,Hampden,"2,840",616,1.32
Massachusetts,Hampshire,424,271,-0.7
Massachusetts,Middlesex,"2,923",185,-1.21
Massachusetts,Nantucket,17,158,-1.37
Massachusetts,Norfolk,"1,260",193,-1.16
Massachusetts,Plymouth,"1,743",373,-0.11
Massachusetts,Suffolk,"5,829",752,2.12
Massachusetts,Worcester,"3,444",436,0.27
Michigan,Alcona,13,120,-1.07
Michigan,Alger,20,207,-0.52
Michigan,Allegan,280,246,-0.27
Michigan,Alpena,88,304,0.11
Michigan,Antrim,28,118,-1.09
Michigan,Arenac,38,256,-0.2
Michigan,Baraga,16,333,0.3
Michigan,Barry,99,171,-0.75
Michigan,Bay,348,328,0.26
Michigan,Benzie,22,126,-1.04
Michigan,Berrien,653,428,0.91
Michigan,Branch,120,277,-0.06
Michigan,Calhoun,866,644,2.31
Michigan,Cass,103,223,-0.41
Michigan,Charlevoix,42,158,-0.83
Michigan,Cheboygan,34,133,-0.99
Michigan,Chippewa,111,288,0.01
Michigan,Clare,107,350,0.4
Michigan,Clinton,73,94,-1.24
Michigan,Crawford,37,264,-0.15
Michigan,Delta,69,187,-0.64
Michigan,Dickinson,,,0
Michigan,Eaton,263,244,-0.28
Michigan,Emmet,58,173,-0.74
Michigan,Genesee,"2,681",653,2.36
Michigan,Gladwin,56,220,-0.43
Michigan,Gogebic,16,100,-1.21
Michigan,Grand Traverse,205,224,-0.41
Michigan,Gratiot,85,203,-0.54
Michigan,Hillsdale,85,184,-0.66
Michigan,Houghton,57,156,-0.85
Michigan,Huron,49,163,-0.8
Michigan,Ingham,"1,735",609,2.08
Michigan,Ionia,154,247,-0.26
Michigan,Iosco,68,267,-0.13
Michigan,Iron,22,189,-0.63
Michigan,Isabella,178,252,-0.23
Michigan,Jackson,751,476,1.22
Michigan,Kalamazoo,"1,391",534,1.6
Michigan,Kalkaska,64,368,0.52
Michigan,Kent,"2,367",373,0.55
Michigan,Keweenaw,5,206,-0.52
Michigan,Lake,38,329,0.27
Michigan,Lapeer,166,187,-0.64
Michigan,Leelanau,17,78,-1.35
Michigan,Lenawee,187,189,-0.63
Michigan,Livingston,218,117,-1.1
Michigan,Luce,25,389,0.66
Michigan,Mackinac,30,274,-0.08
Michigan,Macomb,"2,527",293,0.04
Michigan,Manistee,64,260,-0.17
Michigan,Marquette,131,193,-0.61
Michigan,Mason,82,284,-0.02
Michigan,Mecosta,254,587,1.94
Michigan,Menominee,53,222,-0.42
Michigan,Midland,106,126,-1.04
Michigan,Missaukee,32,210,-0.5
Michigan,Monroe,350,240,-0.3
Michigan,Montcalm,231,377,0.58
Michigan,Montmorency,8,81,-1.33
Michigan,Muskegon,757,440,0.99
Michigan,Newaygo,146,306,0.12
Michigan,Oakland,"2,213",178,-0.7
Michigan,Oceana,110,469,1.17
Michigan,Ogemaw,83,399,0.73
Michigan,Ontonagon,19,324,0.24
Michigan,Osceola,66,286,-0.01
Michigan,Oscoda,22,267,-0.13
Michigan,Otsego,62,256,-0.2
Michigan,Ottawa,677,243,-0.29
Michigan,Presque Isle,12,93,-1.25
Michigan,Roscommon,75,312,0.16
Michigan,Saginaw,"1,229",634,2.24
Michigan,Sanilac,104,264,-0.15
Michigan,Schoolcraft,,,0
Michigan,Shiawassee,178,264,-0.15
Michigan,St. Clair,508,319,0.2
Michigan,St. Joseph,178,301,0.09
Michigan,Tuscola,144,273,-0.09
Michigan,Van Buren,262,348,0.4
Michigan,Washtenaw,"1,089",303,0.1
Michigan,Wayne,"17,798","1,016",4.7
Michigan,Wexford,132,419,0.85
Minnesota,Aitkin,18,112,-0.13
Minnesota,Anoka,438,127,0.02
Minnesota,Becker,25,75,-0.5
Minnesota,Beltrami,118,257,1.29
Minnesota,Benton,57,142,0.16
Minnesota,Big Stone,2,30,-0.94
Minnesota,Blue Earth,132,200,0.73
Minnesota,Brown,19,73,-0.51
Minnesota,Carlton,61,172,0.45
Minnesota,Carver,61,62,-0.63
Minnesota,Cass,68,236,1.08
Minnesota,Chippewa,11,91,-0.34
Minnesota,Chisago,37,68,-0.56
Minnesota,Clay,84,135,0.1
Minnesota,Clearwater,20,220,0.93
Minnesota,Cook,4,67,-0.57
Minnesota,Cottonwood,14,117,-0.09
Minnesota,Crow Wing,127,200,0.73
Minnesota,Dakota,585,141,0.15
Minnesota,Dodge,21,100,-0.25
Minnesota,Douglas,45,122,-0.04
Minnesota,Faribault,10,68,-0.57
Minnesota,Fillmore,10,46,-0.79
Minnesota,Freeborn,29,93,-0.32
Minnesota,Goodhue,61,130,0.04
Minnesota,Grant,1,17,-1.07
Minnesota,Hennepin,"5,493",449,3.17
Minnesota,Houston,10,53,-0.71
Minnesota,Hubbard,27,130,0.05
Minnesota,Isanti,42,108,-0.17
Minnesota,Itasca,75,164,0.38
Minnesota,Jackson,3,25,-0.99
Minnesota,Kanabec,23,142,0.16
Minnesota,Kandiyohi,75,175,0.49
Minnesota,Kittson,1,22,-1.01
Minnesota,Koochiching,17,127,0.02
Minnesota,Lac qui Parle,3,36,-0.88
Minnesota,Lake,9,80,-0.45
Minnesota,Lake of the Woods,2,51,-0.73
Minnesota,Le Sueur,14,50,-0.74
Minnesota,Lincoln,10,164,0.38
Minnesota,Lyon,28,108,-0.18
Minnesota,Mahnomen,12,209,0.81
Minnesota,Marshall,3,27,-0.97
Minnesota,Martin,23,112,-0.14
Minnesota,McLeod,33,92,-0.33
Minnesota,Meeker,25,106,-0.19
Minnesota,Mille Lacs,35,136,0.1
Minnesota,Morrison,11,32,-0.92
Minnesota,Mower,82,208,0.81
Minnesota,Murray,5,59,-0.65
Minnesota,Nicollet,34,101,-0.25
Minnesota,Nobles,26,117,-0.08
Minnesota,Norman,1,8,-1.16
Minnesota,Olmsted,251,165,0.39
Minnesota,Otter Tail,57,99,-0.26
Minnesota,Pennington,15,105,-0.2
Minnesota,Pine,77,266,1.38
Minnesota,Pipestone,3,33,-0.91
Minnesota,Polk,61,193,0.67
Minnesota,Pope,8,73,-0.52
Minnesota,Ramsey,"2,275",423,2.92
Minnesota,Red Lake,1,12,-1.11
Minnesota,Redwood,19,119,-0.06
Minnesota,Renville,17,114,-0.11
Minnesota,Rice,101,154,0.27
Minnesota,Rock,71,744,3
Minnesota,Roseau,2,10,-1.14
Minnesota,Scott,141,99,-0.26
Minnesota,Sherburne,95,104,-0.21
Minnesota,Sibley,8,54,-0.71
Minnesota,St. Louis,479,239,1.11
Minnesota,Stearns,307,199,0.72
Minnesota,Steele,46,126,0
Minnesota,Stevens,15,148,0.22
Minnesota,Swift,8,85,-0.4
Minnesota,Todd,26,105,-0.2
Minnesota,Traverse,6,162,0.36
Minnesota,Wabasha,18,82,-0.43
Minnesota,Wadena,11,79,-0.45
Minnesota,Waseca,17,89,-0.36
Minnesota,Washington,237,94,-0.31
Minnesota,Watonwan,19,173,0.46
Minnesota,Wilkin,7,101,-0.25
Minnesota,Winona,49,95,-0.3
Minnesota,Wright,100,76,-0.49
Minnesota,Yellow Medicine,12,121,-0.05
Mississippi,Adams,97,304,0.35
Mississippi,Alcorn,,,0
Mississippi,Amite,,,0
Mississippi,Attala,,,0
Mississippi,Benton,,,0
Mississippi,Bolivar,,,0
Mississippi,Calhoun,,,0
Mississippi,Carroll,,,0
Mississippi,Chickasaw,,,0
Mississippi,Choctaw,5,60,-1.1
Mississippi,Claiborne,22,280,0.21
Mississippi,Clarke,,,0
Mississippi,Clay,56,276,0.18
Mississippi,Coahoma,,,0
Mississippi,Copiah,,,0
Mississippi,Covington,,,0
Mississippi,DeSoto,233,161,-0.5
Mississippi,Forrest,127,196,-0.29
Mississippi,Franklin,,,0
Mississippi,George,12,59,-1.1
Mississippi,Greene,15,109,-0.81
Mississippi,Grenada,,,0
Mississippi,Hancock,39,124,-0.72
Mississippi,Harrison,471,234,-0.06
Mississippi,Hinds,"1,614",755,3.03
Mississippi,Holmes,,,0
Mississippi,Humphreys,,,0
Mississippi,Issaquena,,,0
Mississippi,Itawamba,25,107,-0.82
Mississippi,Jackson,280,220,-0.15
Mississippi,Jasper,,,0
Mississippi,Jefferson,15,252,0.04
Mississippi,Jefferson Davis,,,0
Mississippi,Jones,143,224,-0.12
Mississippi,Kemper,9,99,-0.87
Mississippi,Lafayette,,,0
Mississippi,Lamar,33,58,-1.11
Mississippi,Lauderdale,284,359,0.67
Mississippi,Lawrence,,,0
Mississippi,Leake,,,0
Mississippi,Lee,,,0
Mississippi,Leflore,97,614,2.19
Mississippi,Lincoln,24,108,-0.81
Mississippi,Lowndes,,,0
Mississippi,Madison,137,155,-0.53
Mississippi,Marion,76,293,0.28
Mississippi,Marshall,133,374,0.76
Mississippi,Monroe,,,0
Mississippi,Montgomery,,,0
Mississippi,Neshoba,,,0
Mississippi,Newton,,,0
Mississippi,Noxubee,,,0
Mississippi,Oktibbeha,88,176,-0.41
Mississippi,Panola,144,446,1.19
Mississippi,Pearl River,,,0
Mississippi,Perry,,,0
Mississippi,Pike,,,0
Mississippi,Pontotoc,,,0
Mississippi,Prentiss,,,0
Mississippi,Quitman,,,0
Mississippi,Rankin,74,64,-1.07
Mississippi,Scott,92,483,1.41
Mississippi,Sharkey,,,0
Mississippi,Simpson,,,0
Mississippi,Smith,,,0
Mississippi,Stone,32,175,-0.42
Mississippi,Sunflower,,,0
Mississippi,Tallahatchie,,,0
Mississippi,Tate,,,0
Mississippi,Tippah,,,0
Mississippi,Tishomingo,5,26,-1.3
Mississippi,Tunica,45,429,1.09
Mississippi,Union,,,0
Mississippi,Walthall,,,0
Mississippi,Warren,164,344,0.59
Mississippi,Washington,132,283,0.22
Mississippi,Wayne,,,0
Mississippi,Webster,,,0
Mississippi,Wilkinson,,,0
Mississippi,Winston,,,0
Mississippi,Yalobusha,,,0
Mississippi,Yazoo,,,0
Missouri,Adair,63,248,-0.16
Missouri,Andrew,32,184,-0.43
Missouri,Atchison,6,103,-0.79
Missouri,Audrain,48,183,-0.44
Missouri,Barry,94,242,-0.18
Missouri,Barton,34,283,0
Missouri,Bates,77,473,0.83
Missouri,Benton,82,435,0.66
Missouri,Bollinger,54,438,0.67
Missouri,Boone,634,362,0.34
Missouri,Buchanan,414,463,0.78
Missouri,Butler,217,503,0.96
Missouri,Caldwell,17,190,-0.41
Missouri,Callaway,164,368,0.37
Missouri,Camden,115,263,-0.09
Missouri,Cape Girardeau,284,362,0.34
Missouri,Carroll,14,155,-0.56
Missouri,Carter,27,430,0.64
Missouri,Cass,188,185,-0.43
Missouri,Cedar,52,370,0.38
Missouri,Chariton,33,439,0.68
Missouri,Christian,137,164,-0.52
Missouri,Clark,9,125,-0.69
Missouri,Clay,,,0
Missouri,Clinton,116,456,0.75
Missouri,Cole,198,257,-0.12
Missouri,Cooper,18,99,-0.81
Missouri,Crawford,38,163,-0.53
Missouri,Dade,22,304,0.09
Missouri,Dallas,53,323,0.17
Missouri,Daviess,12,146,-0.6
Missouri,DeKalb,11,135,-0.65
Missouri,Dent,15,93,-0.83
Missouri,Douglas,24,175,-0.47
Missouri,Dunklin,157,502,0.95
Missouri,Franklin,205,195,-0.39
Missouri,Gasconade,22,145,-0.6
Missouri,Gentry,4,52,-1.01
Missouri,Greene,"2,221",770,2.13
Missouri,Grundy,8,78,-0.9
Missouri,Harrison,5,58,-0.99
Missouri,Henry,68,312,0.13
Missouri,Hickory,1,11,-1.19
Missouri,Holt,8,180,-0.45
Missouri,Howard,12,117,-0.73
Missouri,Howell,106,263,-0.09
Missouri,Iron,28,276,-0.03
Missouri,Jackson,"8,024",941,2.87
Missouri,Jasper,489,416,0.58
Missouri,Jefferson,429,192,-0.4
Missouri,Johnson,105,191,-0.4
Missouri,Knox,0,0,-1.24
Missouri,Laclede,103,291,0.03
Missouri,Lafayette,36,112,-0.75
Missouri,Lawrence,157,448,0.72
Missouri,Lewis,15,147,-0.59
Missouri,Lincoln,156,285,0.01
Missouri,Linn,40,323,0.17
Missouri,Livingston,33,218,-0.29
Missouri,Macon,36,234,-0.22
Missouri,Madison,43,341,0.25
Missouri,Maries,13,142,-0.62
Missouri,Marion,78,275,-0.04
Missouri,McDonald,132,585,1.32
Missouri,Mercer,2,41,-1.06
Missouri,Miller,89,350,0.29
Missouri,Mississippi,66,464,0.79
Missouri,Moniteau,31,195,-0.39
Missouri,Monroe,8,87,-0.86
Missouri,Montgomery,28,238,-0.2
Missouri,Morgan,46,226,-0.25
Missouri,New Madrid,29,173,-0.48
Missouri,Newton,150,255,-0.13
Missouri,Nodaway,37,159,-0.54
Missouri,Oregon,18,164,-0.52
Missouri,Osage,8,56,-0.99
Missouri,Ozark,14,143,-0.61
Missouri,Pemiscot,154,887,2.64
Missouri,Perry,61,318,0.15
Missouri,Pettis,153,361,0.34
Missouri,Phelps,152,340,0.25
Missouri,Pike,22,116,-0.73
Missouri,Platte,67,134,-0.65
Missouri,Polk,122,393,0.48
Missouri,Pulaski,145,268,-0.07
Missouri,Putnam,0,0,-1.24
Missouri,Ralls,16,152,-0.57
Missouri,Randolph,27,106,-0.77
Missouri,Ray,106,468,0.81
Missouri,Reynolds,13,201,-0.36
Missouri,Ripley,49,361,0.34
Missouri,Saline,47,199,-0.37
Missouri,Schuyler,7,160,-0.54
Missouri,Scotland,6,122,-0.7
Missouri,Scott,382,936,2.85
Missouri,Shannon,28,334,0.22
Missouri,Shelby,4,57,-0.99
Missouri,St. Charles,485,126,-0.69
Missouri,St. Clair,34,375,0.4
Missouri,St. Francois,196,294,0.04
Missouri,St. Louis,"3,452",344,0.27
Missouri,St. Louis City,"5,760","1,820",6.71
Missouri,Ste. Genevieve,54,301,0.08
Missouri,Stoddard,40,133,-0.66
Missouri,Stone,146,472,0.82
Missouri,Sullivan,13,205,-0.34
Missouri,Taney,190,347,0.28
Missouri,Texas,33,130,-0.67
Missouri,Vernon,121,578,1.29
Missouri,Warren,138,415,0.57
Missouri,Washington,94,375,0.4
Missouri,Wayne,26,194,-0.39
Missouri,Webster,67,181,-0.45
Missouri,Worth,2,73,-0.92
Missouri,Wright,51,276,-0.03
Montana,Beaverhead,10,107,-1.09
Montana,Big Horn,71,533,1.86
Montana,Blaine,8,133,-0.91
Montana,Broadwater,25,438,1.2
Montana,Carbon,25,234,-0.21
Montana,Carter,0,0,NR
Montana,Cascade,200,241,-0.16
Montana,Chouteau,,,0
Montana,Custer,26,210,-0.38
Montana,Daniels,1,28,-1.64
Montana,Dawson,26,263,-0.01
Montana,Deer Lodge,36,390,0.87
Montana,Fallon,6,188,-0.53
Montana,Fergus,58,502,1.64
Montana,Flathead,292,305,0.28
Montana,Gallatin,223,226,-0.27
Montana,Garfield,1,38,NR
Montana,Glacier,31,225,-0.28
Montana,Golden Valley,2,239,NR
Montana,Granite,5,140,-0.87
Montana,Hill,78,467,1.4
Montana,Jefferson,37,318,0.37
Montana,Judith Basin,4,179,-0.59
Montana,Lake,131,446,1.26
Montana,Lewis and Clark,282,424,1.11
Montana,Liberty,8,330,NR
Montana,Lincoln,39,203,-0.43
Montana,Madison,7,89,-1.22
Montana,McCone,1,59,-1.43
Montana,Meagher,2,106,-1.1
Montana,Mineral,4,93,-1.19
Montana,Missoula,394,345,0.56
Montana,Musselshell,26,551,1.99
Montana,Park,27,170,-0.66
Montana,Petroleum,,,NR
Montana,Phillips,10,240,-0.17
Montana,Pondera,7,105,-1.11
Montana,Powder River,0,0,NR
Montana,Powell,32,456,1.33
Montana,Prairie,3,214,-0.35
Montana,Ravalli,81,198,-0.46
Montana,Richland,34,282,0.12
Montana,Roosevelt,70,611,2.4
Montana,Rosebud,13,138,-0.88
Montana,Sanders,26,225,-0.28
Montana,Sheridan,12,306,0.29
Montana,Silver Bow,111,318,0.37
Montana,Stillwater,20,211,-0.37
Montana,Sweet Grass,4,96,-1.17
Montana,Teton,14,222,-0.3
Montana,Toole,24,473,1.45
Montana,Treasure,0,0,NR
Montana,Valley,11,136,-0.89
Montana,Wheatland,5,236,-0.2
Montana,Wibaux,0,0,NR
Montana,Yellowstone,570,362,0.67
Nebraska,Adams,73,231,0.78
Nebraska,Antelope,6,98,-0.26
Nebraska,Arthur,0,0,NR
Nebraska,Banner,,,NR
Nebraska,Blaine,,,NR
Nebraska,Boone,,,0
Nebraska,Box Butte,25,221,0.71
Nebraska,Boyd,,,0
Nebraska,Brown,0,0,-1.03
Nebraska,Buffalo,95,193,0.49
Nebraska,Burt,4,82,-0.38
Nebraska,Butler,5,61,-0.55
Nebraska,Cass,32,126,-0.04
Nebraska,Cedar,4,41,-0.71
Nebraska,Chase,5,126,-0.04
Nebraska,Cherry,14,240,0.86
Nebraska,Cheyenne,30,290,1.25
Nebraska,Clay,6,124,-0.05
Nebraska,Colfax,,,0
Nebraska,Cuming,2,22,-0.86
Nebraska,Custer,15,139,0.07
Nebraska,Dakota,48,234,0.81
Nebraska,Dawes,13,144,0.1
Nebraska,Dawson,37,152,0.17
Nebraska,Deuel,0,0,-1.03
Nebraska,Dixon,2,28,-0.81
Nebraska,Dodge,72,197,0.52
Nebraska,Douglas,"2,668",486,2.8
Nebraska,Dundy,,,0
Nebraska,Fillmore,1,18,-0.89
Nebraska,Franklin,1,33,-0.77
Nebraska,Frontier,,,0
Nebraska,Furnas,3,62,-0.54
Nebraska,Gage,89,437,2.41
Nebraska,Garden,,,0
Nebraska,Garfield,1,49,-0.64
Nebraska,Gosper,2,77,-0.43
Nebraska,Grant,,,NR
Nebraska,Greeley,,,0
Nebraska,Hall,178,288,1.24
Nebraska,Hamilton,19,202,0.56
Nebraska,Harlan,,,0
Nebraska,Hayes,3,324,NR
Nebraska,Hitchcock,4,122,-0.07
Nebraska,Holt,8,77,-0.42
Nebraska,Hooker,0,0,NR
Nebraska,Howard,,,0
Nebraska,Jefferson,29,780,3
Nebraska,Johnson,6,117,-0.11
Nebraska,Kearney,7,99,-0.25
Nebraska,Keith,9,106,-0.2
Nebraska,Keya Paha,0,0,NR
Nebraska,Kimball,8,218,0.69
Nebraska,Knox,5,53,-0.61
Nebraska,Lancaster,995,326,1.53
Nebraska,Lincoln,98,274,1.13
Nebraska,Logan,,,NR
Nebraska,Loup,,,NR
Nebraska,Madison,50,142,0.09
Nebraska,McPherson,,,NR
Nebraska,Merrick,5,64,-0.52
Nebraska,Morrill,3,59,-0.57
Nebraska,Nance,,,0
Nebraska,Nemaha,7,99,-0.25
Nebraska,Nuckolls,,,0
Nebraska,Otoe,12,75,-0.44
Nebraska,Pawnee,1,19,-0.88
Nebraska,Perkins,1,34,-0.76
Nebraska,Phelps,9,97,-0.27
Nebraska,Pierce,4,74,-0.45
Nebraska,Platte,34,102,-0.23
Nebraska,Polk,1,10,-0.95
Nebraska,Red Willow,11,96,-0.27
Nebraska,Richardson,3,37,-0.74
Nebraska,Rock,0,0,-1.03
Nebraska,Saline,34,236,0.83
Nebraska,Sarpy,149,85,-0.36
Nebraska,Saunders,13,62,-0.54
Nebraska,Scotts Bluff,73,205,0.58
Nebraska,Seward,9,57,-0.58
Nebraska,Sheridan,7,191,0.47
Nebraska,Sherman,2,49,-0.65
Nebraska,Sioux,,,NR
Nebraska,Stanton,4,58,-0.57
Nebraska,Thayer,6,116,-0.12
Nebraska,Thomas,,,NR
Nebraska,Thurston,4,62,-0.54
Nebraska,Valley,4,97,-0.27
Nebraska,Washington,15,72,-0.47
Nebraska,Wayne,,,0
Nebraska,Webster,4,110,-0.16
Nebraska,Wheeler,2,203,NR
Nebraska,York,3,22,-0.86
Nevada,Carson City,159,291,-0.33
Nevada,Churchill,51,211,-0.64
Nevada,Clark,"15,983",757,1.48
Nevada,Douglas,73,152,-0.87
Nevada,Elko,215,404,0.11
Nevada,Esmeralda,1,118,NR
Nevada,Eureka,7,338,NR
Nevada,Humboldt,57,327,-0.19
Nevada,Lander,38,620,0.95
Nevada,Lincoln,2,39,-1.31
Nevada,Lyon,142,270,-0.41
Nevada,Mineral,6,135,-0.93
Nevada,Nye,71,167,-0.81
Nevada,Pershing,49,713,1.31
Nevada,Storey,36,892,2.01
Nevada,Washoe,"1,962",439,0.24
Nevada,White Pine,22,221,-0.6
New Hampshire,Belknap,145,239,1.06
New Hampshire,Carroll,78,181,-0.17
New Hampshire,Cheshire,114,187,-0.04
New Hampshire,Coos,48,159,-0.66
New Hampshire,Grafton,140,167,-0.48
New Hampshire,Hillsborough,"1,088",273,1.8
New Hampshire,Merrimack,208,158,-0.68
New Hampshire,Rockingham,346,117,-1.55
New Hampshire,Strafford,298,236,1
New Hampshire,Sullivan,66,175,-0.3
New Jersey,Atlantic,"1,025",373,0.8
New Jersey,Bergen,789,84,-0.89
New Jersey,Burlington,733,163,-0.43
New Jersey,Camden,"2,374",465,1.33
New Jersey,Cape May,224,236,-0.01
New Jersey,Cumberland,807,516,1.63
New Jersey,Essex,"4,814",606,2.15
New Jersey,Gloucester,336,116,-0.71
New Jersey,Hudson,"2,302",342,0.61
New Jersey,Hunterdon,53,42,-1.13
New Jersey,Mercer,"1,392",375,0.81
New Jersey,Middlesex,"1,246",149,-0.51
New Jersey,Monmouth,939,150,-0.51
New Jersey,Morris,318,63,-1.01
New Jersey,Ocean,583,99,-0.8
New Jersey,Passaic,"1,944",382,0.85
New Jersey,Salem,171,266,0.17
New Jersey,Somerset,214,64,-1.01
New Jersey,Sussex,78,54,-1.06
New Jersey,Union,"1,976",357,0.7
New Jersey,Warren,76,71,-0.97
New Mexico,Bernalillo,"6,385",945,2.31
New Mexico,Catron,6,158,-1.42
New Mexico,Chaves,408,622,0.78
New Mexico,Cibola,148,543,0.41
New Mexico,Colfax,33,274,-0.87
New Mexico,Curry,207,407,-0.24
New Mexico,De Baca,4,218,-1.13
New Mexico,Dona Ana,605,283,-0.83
New Mexico,Eddy,323,567,0.52
New Mexico,Grant,,,0
New Mexico,Guadalupe,23,512,0.26
New Mexico,Harding,,,NR
New Mexico,Hidalgo,23,505,0.22
New Mexico,Lea,310,439,-0.09
New Mexico,Lincoln,72,380,-0.37
New Mexico,Los Alamos,32,178,-1.32
New Mexico,Luna,171,701,1.15
New Mexico,McKinley,536,710,1.2
New Mexico,Mora,6,120,-1.6
New Mexico,Otero,229,355,-0.49
New Mexico,Quay,41,480,0.11
New Mexico,Rio Arriba,238,602,0.69
New Mexico,Roosevelt,57,478,0.1
New Mexico,San Juan,899,744,1.36
New Mexico,San Miguel,134,480,0.11
New Mexico,Sandoval,341,246,-1
New Mexico,Santa Fe,484,326,-0.62
New Mexico,Sierra,59,532,0.35
New Mexico,Socorro,89,515,0.27
New Mexico,Taos,137,417,-0.19
New Mexico,Torrance,61,396,-0.29
New Mexico,Union,6,130,-1.55
New Mexico,Valencia,694,917,2.18
New York,Albany,"1,074",348,0.9
New York,Allegany,92,195,-0.21
New York,Bronx,"8,486",586,2.64
New York,Broome,616,315,0.66
New York,Cattaraugus,153,197,-0.2
New York,Cayuga,190,241,0.12
New York,Chautauqua,356,271,0.34
New York,Chemung,169,193,-0.23
New York,Chenango,90,183,-0.3
New York,Clinton,128,157,-0.49
New York,Columbia,89,146,-0.57
New York,Cortland,43,90,-0.98
New York,Delaware,87,193,-0.23
New York,Dutchess,599,204,-0.15
New York,Erie,"3,931",428,1.48
New York,Essex,64,167,-0.42
New York,Franklin,94,183,-0.3
New York,Fulton,110,204,-0.15
New York,Genesee,130,220,-0.03
New York,Greene,106,225,0
New York,Hamilton,4,74,-1.09
New York,Herkimer,126,211,-0.1
New York,Jefferson,250,213,-0.09
New York,Kings,"15,395",586,2.64
New York,Lewis,36,132,-0.68
New York,Livingston,79,123,-0.74
New York,Madison,109,151,-0.53
New York,Monroe,"2,443",326,0.74
New York,Montgomery,71,142,-0.6
New York,Nassau,"1,949",144,-0.59
New York,New York,"9,634",586,2.64
New York,Niagara,838,395,1.24
New York,Oneida,658,283,0.43
New York,Onondaga,"1,485",318,0.68
New York,Ontario,165,153,-0.52
New York,Orange,921,245,0.15
New York,Orleans,72,172,-0.38
New York,Oswego,254,212,-0.09
New York,Otsego,90,148,-0.56
New York,Putnam,47,48,-1.28
New York,Queens,"13,850",598,2.72
New York,Rensselaer,488,305,0.59
New York,Richmond,"2,824",598,2.72
New York,Rockland,395,121,-0.75
New York,Saratoga,232,103,-0.89
New York,Schenectady,664,429,1.5
New York,Schoharie,28,90,-0.98
New York,Schuyler,13,71,-1.12
New York,Seneca,71,201,-0.17
New York,St. Lawrence,156,146,-0.57
New York,Steuben,174,178,-0.34
New York,Suffolk,"1,857",124,-0.73
New York,Sullivan,197,261,0.27
New York,Tioga,57,115,-0.8
New York,Tompkins,128,123,-0.74
New York,Ulster,313,174,-0.37
New York,Warren,90,138,-0.63
New York,Washington,88,141,-0.61
New York,Wayne,163,178,-0.33
New York,Westchester,"2,149",221,-0.03
New York,Wyoming,46,111,-0.83
New York,Yates,19,76,-1.08
North Carolina,Alamance,602,382,0.75
North Carolina,Alexander,72,193,-0.5
North Carolina,Alleghany,14,140,-0.85
North Carolina,Anson,92,428,1.06
North Carolina,Ashe,22,81,-1.24
North Carolina,Avery,30,174,-0.62
North Carolina,Beaufort,140,298,0.2
North Carolina,Bertie,34,169,-0.66
North Carolina,Bladen,78,224,-0.29
North Carolina,Brunswick,162,141,-0.84
North Carolina,Buncombe,666,263,-0.03
North Carolina,Burke,156,179,-0.59
North Carolina,Cabarrus,229,117,-1
North Carolina,Caldwell,137,169,-0.66
North Carolina,Camden,7,63,-1.36
North Carolina,Carteret,,,0
North Carolina,Caswell,59,255,-0.09
North Carolina,Catawba,413,267,-0.01
North Carolina,Chatham,116,165,-0.68
North Carolina,Cherokee,58,213,-0.36
North Carolina,Chowan,66,454,1.23
North Carolina,Clay,26,244,-0.16
North Carolina,Cleveland,174,188,-0.53
North Carolina,Columbus,216,388,0.8
North Carolina,Craven,257,249,-0.12
North Carolina,Cumberland,"1,790",548,1.86
North Carolina,Currituck,43,171,-0.64
North Carolina,Dare,88,247,-0.14
North Carolina,Davidson,296,181,-0.58
North Carolina,Davie,61,148,-0.79
North Carolina,Duplin,139,236,-0.21
North Carolina,Durham,"1,996",666,2.63
North Carolina,Edgecombe,253,481,1.41
North Carolina,Forsyth,"2,122",576,2.03
North Carolina,Franklin,91,142,-0.83
North Carolina,Gaston,784,390,0.81
North Carolina,Gates,,,0
North Carolina,Graham,25,292,0.16
North Carolina,Granville,172,293,0.17
North Carolina,Greene,,,0
North Carolina,Guilford,"2,344",453,1.22
North Carolina,Halifax,235,461,1.28
North Carolina,Harnett,302,243,-0.17
North Carolina,Haywood,164,278,0.06
North Carolina,Henderson,136,121,-0.97
North Carolina,Hertford,72,304,0.24
North Carolina,Hoke,65,124,-0.95
North Carolina,Hyde,,,0
North Carolina,Iredell,430,254,-0.09
North Carolina,Jackson,89,214,-0.36
North Carolina,Johnston,331,185,-0.55
North Carolina,Jones,,,0
North Carolina,Lee,108,181,-0.58
North Carolina,Lenoir,434,753,3.21
North Carolina,Lincoln,124,153,-0.76
North Carolina,Macon,38,110,-1.04
North Carolina,Madison,7,33,-1.55
North Carolina,Martin,101,432,1.09
North Carolina,McDowell,70,158,-0.73
North Carolina,Mecklenburg,"6,039",584,2.09
North Carolina,Mitchell,,,0
North Carolina,Montgomery,63,237,-0.2
North Carolina,Moore,142,155,-0.74
North Carolina,Nash,401,444,1.17
North Carolina,New Hanover,975,447,1.18
North Carolina,Northampton,42,253,-0.1
North Carolina,Onslow,320,209,-0.39
North Carolina,Orange,228,160,-0.71
North Carolina,Pamlico,21,165,-0.68
North Carolina,Pasquotank,152,382,0.76
North Carolina,Pender,86,150,-0.78
North Carolina,Perquimans,20,151,-0.77
North Carolina,Person,89,225,-0.28
North Carolina,Pitt,720,414,0.97
North Carolina,Polk,13,63,-1.35
North Carolina,Randolph,223,156,-0.74
North Carolina,Richmond,227,494,1.5
North Carolina,Robeson,613,461,1.28
North Carolina,Rockingham,222,245,-0.15
North Carolina,Rowan,525,391,0.81
North Carolina,Rutherford,122,196,-0.48
North Carolina,Sampson,144,227,-0.27
North Carolina,Scotland,243,694,2.82
North Carolina,Stanly,132,266,-0.01
North Carolina,Stokes,101,217,-0.34
North Carolina,Surry,126,173,-0.63
North Carolina,Swain,27,195,-0.48
North Carolina,Transylvania,44,131,-0.9
North Carolina,Tyrrell,9,211,-0.38
North Carolina,Union,417,188,-0.53
North Carolina,Vance,259,581,2.07
North Carolina,Wake,678,115,-1.01
North Carolina,Warren,40,211,-0.38
North Carolina,Washington,36,285,0.11
North Carolina,Watauga,64,121,-0.97
North Carolina,Wayne,497,407,0.92
North Carolina,Wilkes,144,209,-0.39
North Carolina,Wilson,321,403,0.9
North Carolina,Yadkin,92,255,-0.09
North Carolina,Yancey,8,43,-1.49
North Dakota,Adams,2,64,-0.66
North Dakota,Barnes,20,181,0.63
North Dakota,Benson,2,29,-1.04
North Dakota,Billings,1,54,NR
North Dakota,Bottineau,6,82,-0.46
North Dakota,Bowman,4,108,-0.18
North Dakota,Burke,2,63,-0.66
North Dakota,Burleigh,230,250,1.39
North Dakota,Cass,524,309,2.04
North Dakota,Cavalier,3,79,-0.49
North Dakota,Dickey,4,69,-0.61
North Dakota,Divide,0,0,-1.36
North Dakota,Dunn,9,186,0.68
North Dakota,Eddy,4,169,0.5
North Dakota,Emmons,2,59,-0.71
North Dakota,Foster,1,19,-1.16
North Dakota,Golden Valley,2,81,NR
North Dakota,Grand Forks,170,243,1.31
North Dakota,Grant,2,85,-0.43
North Dakota,Griggs,1,44,-0.87
North Dakota,Hettinger,1,37,-0.95
North Dakota,Kidder,2,63,-0.67
North Dakota,LaMoure,2,49,-0.83
North Dakota,Logan,1,26,-1.07
North Dakota,McHenry,3,50,-0.81
North Dakota,McIntosh,2,74,-0.55
North Dakota,McKenzie,46,369,2.69
North Dakota,McLean,10,103,-0.22
North Dakota,Mercer,11,126,0.03
North Dakota,Morton,67,223,1.09
North Dakota,Mountrail,17,165,0.46
North Dakota,Nelson,4,134,0.11
North Dakota,Oliver,1,54,NR
North Dakota,Pembina,6,86,-0.42
North Dakota,Pierce,6,138,0.16
North Dakota,Ramsey,17,143,0.22
North Dakota,Ransom,7,129,0.05
North Dakota,Renville,2,77,-0.51
North Dakota,Richland,21,129,0.06
North Dakota,Rolette,6,41,-0.91
North Dakota,Sargent,4,91,-0.36
North Dakota,Sheridan,2,116,NR
North Dakota,Sioux,1,11,-1.24
North Dakota,Slope,0,0,NR
North Dakota,Stark,47,151,0.3
North Dakota,Steele,1,52,-0.79
North Dakota,Stutsman,60,285,1.77
North Dakota,Towner,,,0
North Dakota,Traill,8,99,-0.27
North Dakota,Walsh,18,165,0.46
North Dakota,Ward,181,256,1.45
North Dakota,Wells,6,133,0.1
North Dakota,Williams,130,373,2.74
Ohio,Adams,24,86,-0.56
Ohio,Allen,407,395,1.82
Ohio,Ashland,54,103,-0.43
Ohio,Ashtabula,82,135,-0.18
Ohio,Athens,72,112,-0.36
Ohio,Auglaize,23,58,-0.77
Ohio,Belmont,81,137,-0.17
Ohio,Brown,29,67,-0.7
Ohio,Butler,973,270,0.86
Ohio,Carroll,,,0
Ohio,Champaign,41,104,-0.42
Ohio,Clark,485,368,1.61
Ohio,Clermont,224,111,-0.37
Ohio,Clinton,33,82,-0.59
Ohio,Columbiana,46,58,-0.78
Ohio,Coshocton,39,107,-0.4
Ohio,Crawford,57,143,-0.12
Ohio,Cuyahoga,"6,940",646,3.75
Ohio,Darke,56,114,-0.34
Ohio,Defiance,46,124,-0.26
Ohio,Delaware,164,100,-0.45
Ohio,Erie,82,121,-0.29
Ohio,Fairfield,234,166,0.06
Ohio,Fayette,62,216,0.44
Ohio,Franklin,"5,136",423,2.03
Ohio,Fulton,41,105,-0.42
Ohio,Gallia,41,136,-0.17
Ohio,Geauga,34,36,-0.94
Ohio,Greene,198,124,-0.27
Ohio,Guernsey,,,0
Ohio,Hamilton,"3,579",468,2.38
Ohio,Hancock,113,153,-0.05
Ohio,Hardin,31,97,-0.48
Ohio,Harrison,22,146,-0.09
Ohio,Henry,29,107,-0.4
Ohio,Highland,40,92,-0.51
Ohio,Hocking,31,110,-0.37
Ohio,Holmes,9,21,-1.06
Ohio,Huron,,,0
Ohio,Jackson,48,147,-0.09
Ohio,Jefferson,54,112,-0.36
Ohio,Knox,69,113,-0.35
Ohio,Lake,361,203,0.34
Ohio,Lawrence,98,163,0.04
Ohio,Licking,144,100,-0.45
Ohio,Logan,45,104,-0.42
Ohio,Lorain,380,164,0.04
Ohio,Lucas,"3,404",824,5.12
Ohio,Madison,32,73,-0.66
Ohio,Mahoning,633,279,0.92
Ohio,Marion,141,215,0.44
Ohio,Medina,101,57,-0.78
Ohio,Meigs,37,162,0.03
Ohio,Mercer,29,83,-0.59
Ohio,Miami,107,108,-0.39
Ohio,Monroe,9,68,-0.7
Ohio,Montgomery,"2,081",399,1.85
Ohio,Morgan,34,230,0.55
Ohio,Morrow,19,61,-0.75
Ohio,Muskingum,156,183,0.19
Ohio,Noble,0,0,-1.22
Ohio,Ottawa,39,113,-0.35
Ohio,Paulding,14,97,-0.47
Ohio,Perry,40,115,-0.34
Ohio,Pickaway,72,127,-0.25
Ohio,Pike,23,82,-0.59
Ohio,Portage,178,117,-0.32
Ohio,Preble,24,74,-0.65
Ohio,Putnam,23,71,-0.68
Ohio,Richland,281,237,0.6
Ohio,Ross,192,247,0.68
Ohio,Sandusky,100,185,0.2
Ohio,Scioto,143,188,0.23
Ohio,Seneca,81,172,0.1
Ohio,Shelby,60,125,-0.26
Ohio,Stark,"1,120",328,1.3
Ohio,Summit,"1,689",329,1.31
Ohio,Trumbull,421,237,0.6
Ohio,Tuscarawas,43,47,-0.86
Ohio,Union,29,54,-0.81
Ohio,Van Wert,39,137,-0.17
Ohio,Vinton,15,114,-0.34
Ohio,Warren,145,68,-0.7
Ohio,Washington,58,98,-0.47
Ohio,Wayne,127,118,-0.32
Ohio,Williams,,,0
Ohio,Wood,89,77,-0.63
Ohio,Wyandot,20,93,-0.5
Oklahoma,Alfalfa,8,136,-0.69
Oklahoma,Atoka,15,105,-0.89
Oklahoma,Beaver,3,55,-1.21
Oklahoma,Beckham,43,177,-0.42
Oklahoma,Blaine,13,133,-0.71
Oklahoma,Bryan,92,206,-0.23
Oklahoma,Caddo,76,259,0.11
Oklahoma,Canadian,573,432,1.24
Oklahoma,Carter,326,669,2.78
Oklahoma,Cherokee,113,234,-0.05
Oklahoma,Choctaw,46,306,0.42
Oklahoma,Cimarron,3,134,-0.7
Oklahoma,Cleveland,948,345,0.67
Oklahoma,Coal,6,96,-0.95
Oklahoma,Comanche,869,701,2.98
Oklahoma,Cotton,2,25,-1.41
Oklahoma,Craig,19,126,-0.75
Oklahoma,Creek,152,215,-0.17
Oklahoma,Custer,46,153,-0.57
Oklahoma,Delaware,67,161,-0.53
Oklahoma,Dewey,2,41,-1.31
Oklahoma,Ellis,7,155,-0.57
Oklahoma,Garfield,217,343,0.66
Oklahoma,Garvin,72,260,0.12
Oklahoma,Grady,145,266,0.16
Oklahoma,Grant,3,66,-1.14
Oklahoma,Greer,7,107,-0.88
Oklahoma,Harmon,9,321,0.51
Oklahoma,Harper,1,26,-1.4
Oklahoma,Haskell,13,100,-0.92
Oklahoma,Hughes,20,146,-0.62
Oklahoma,Jackson,76,294,0.34
Oklahoma,Jefferson,10,150,-0.6
Oklahoma,Johnston,15,132,-0.71
Oklahoma,Kay,257,567,2.11
Oklahoma,Kingfisher,16,100,-0.92
Oklahoma,Kiowa,17,180,-0.4
Oklahoma,Latimer,23,214,-0.18
Oklahoma,Le Flore,126,255,0.08
Oklahoma,Lincoln,73,209,-0.21
Oklahoma,Logan,80,173,-0.44
Oklahoma,Love,10,101,-0.91
Oklahoma,Major,3,39,-1.32
Oklahoma,Marshall,24,146,-0.63
Oklahoma,Mayes,117,288,0.3
Oklahoma,McClain,49,128,-0.74
Oklahoma,McCurtain,78,235,-0.04
Oklahoma,McIntosh,50,248,0.04
Oklahoma,Murray,30,216,-0.17
Oklahoma,Muskogee,499,717,3.08
Oklahoma,Noble,20,170,-0.47
Oklahoma,Nowata,24,223,-0.12
Oklahoma,Okfuskee,33,265,0.15
Oklahoma,Oklahoma,"4,633",598,2.31
Oklahoma,Okmulgee,122,311,0.45
Oklahoma,Osage,133,277,0.23
Oklahoma,Ottawa,59,182,-0.39
Oklahoma,Pawnee,48,289,0.31
Oklahoma,Payne,225,280,0.25
Oklahoma,Pittsburg,100,226,-0.11
Oklahoma,Pontotoc,121,317,0.49
Oklahoma,Pottawatomie,340,474,1.51
Oklahoma,Pushmataha,23,207,-0.23
Oklahoma,Roger Mills,7,172,-0.46
Oklahoma,Rogers,195,215,-0.17
Oklahoma,Seminole,77,303,0.39
Oklahoma,Sequoyah,137,334,0.6
Oklahoma,Stephens,78,175,-0.44
Oklahoma,Texas,43,196,-0.3
Oklahoma,Tillman,19,246,0.03
Oklahoma,Tulsa,"4,352",685,2.88
Oklahoma,Wagoner,185,241,-0.01
Oklahoma,Washington,110,239,-0.02
Oklahoma,Washita,39,330,0.57
Oklahoma,Woods,9,92,-0.97
Oklahoma,Woodward,51,233,-0.06
Oregon,Baker,43,264,0.69
Oregon,Benton,113,128,-0.63
Oregon,Clackamas,621,160,-0.32
Oregon,Clatsop,57,163,-0.29
Oregon,Columbia,65,133,-0.58
Oregon,Coos,103,170,-0.22
Oregon,Crook,74,346,1.48
Oregon,Curry,23,108,-0.82
Oregon,Deschutes,294,169,-0.24
Oregon,Douglas,232,219,0.25
Oregon,Gilliam,0,0,-1.87
Oregon,Grant,5,69,-1.2
Oregon,Harney,17,230,0.36
Oregon,Hood River,34,147,-0.44
Oregon,Jackson,714,335,1.37
Oregon,Jefferson,49,222,0.28
Oregon,Josephine,189,223,0.29
Oregon,Klamath,142,218,0.24
Oregon,Lake,,,0
Oregon,Lane,"1,007",330,1.33
Oregon,Lincoln,162,347,1.5
Oregon,Linn,136,112,-0.78
Oregon,Malheur,65,226,0.32
Oregon,Marion,771,233,0.39
Oregon,Morrow,38,331,1.34
Oregon,Multnomah,"3,716",474,2.73
Oregon,Polk,182,230,0.36
Oregon,Sherman,1,58,-1.31
Oregon,Tillamook,25,97,-0.92
Oregon,Umatilla,172,223,0.29
Oregon,Union,36,137,-0.54
Oregon,Wallowa,0,0,-1.87
Oregon,Wasco,41,159,-0.33
Oregon,Washington,968,169,-0.24
Oregon,Wheeler,3,184,NR
Oregon,Yamhill,132,128,-0.63
Pennsylvania,Adams,136,134,-0.52
Pennsylvania,Allegheny,"4,856",395,1.48
Pennsylvania,Armstrong,72,108,-0.72
Pennsylvania,Beaver,437,265,0.49
Pennsylvania,Bedford,38,80,-0.93
Pennsylvania,Berks,"1,243",300,0.75
Pennsylvania,Blair,282,224,0.17
Pennsylvania,Bradford,112,181,-0.16
Pennsylvania,Bucks,603,96,-0.81
Pennsylvania,Butler,187,100,-0.78
Pennsylvania,Cambria,232,169,-0.25
Pennsylvania,Cameron,6,126,-0.58
Pennsylvania,Carbon,160,249,0.36
Pennsylvania,Centre,141,89,-0.87
Pennsylvania,Chester,696,135,-0.51
Pennsylvania,Clarion,50,128,-0.57
Pennsylvania,Clearfield,215,266,0.49
Pennsylvania,Clinton,62,155,-0.36
Pennsylvania,Columbia,115,174,-0.21
Pennsylvania,Crawford,84,97,-0.81
Pennsylvania,Cumberland,212,86,-0.89
Pennsylvania,Dauphin,"1,094",403,1.55
Pennsylvania,Delaware,"2,230",396,1.49
Pennsylvania,Elk,33,107,-0.73
Pennsylvania,Erie,626,225,0.18
Pennsylvania,Fayette,273,205,0.02
Pennsylvania,Forest,35,468,2.05
Pennsylvania,Franklin,224,146,-0.43
Pennsylvania,Fulton,32,216,0.11
Pennsylvania,Greene,70,187,-0.11
Pennsylvania,Huntingdon,78,182,-0.15
Pennsylvania,Indiana,247,284,0.63
Pennsylvania,Jefferson,60,135,-0.51
Pennsylvania,Juniata,21,85,-0.9
Pennsylvania,Lackawanna,445,213,0.09
Pennsylvania,Lancaster,912,170,-0.24
Pennsylvania,Lawrence,200,229,0.21
Pennsylvania,Lebanon,206,154,-0.37
Pennsylvania,Lehigh,830,231,0.22
Pennsylvania,Luzerne,838,264,0.48
Pennsylvania,Lycoming,247,212,0.08
Pennsylvania,McKean,121,288,0.66
Pennsylvania,Mercer,245,216,0.11
Pennsylvania,Mifflin,61,131,-0.54
Pennsylvania,Monroe,390,235,0.25
Pennsylvania,Montgomery,"1,108",135,-0.51
Pennsylvania,Montour,52,277,0.58
Pennsylvania,Northampton,638,212,0.08
Pennsylvania,Northumberland,235,251,0.38
Pennsylvania,Perry,84,188,-0.11
Pennsylvania,Philadelphia,"15,673","1,001",6.15
Pennsylvania,Pike,82,147,-0.42
Pennsylvania,Potter,37,222,0.15
Pennsylvania,Schuylkill,456,319,0.9
Pennsylvania,Snyder,73,188,-0.11
Pennsylvania,Somerset,86,115,-0.67
Pennsylvania,Sullivan,5,79,-0.94
Pennsylvania,Susquehanna,50,126,-0.58
Pennsylvania,Tioga,51,120,-0.63
Pennsylvania,Union,30,67,-1.04
Pennsylvania,Venango,72,135,-0.52
Pennsylvania,Warren,73,186,-0.12
Pennsylvania,Washington,362,176,-0.2
Pennsylvania,Wayne,57,111,-0.7
Pennsylvania,Westmoreland,598,169,-0.26
Pennsylvania,Wyoming,38,136,-0.51
Pennsylvania,York,971,220,0.14
Rhode Island,Bristol,35,70,-0.77
Rhode Island,Kent,185,112,-0.35
Rhode Island,Newport,135,164,0.17
Rhode Island,Providence,"1,976",312,1.66
Rhode Island,Washington,95,75,-0.72
South Carolina,Abbeville,79,341,-0.92
South Carolina,Aiken,755,453,-0.3
South Carolina,Allendale,38,482,-0.14
South Carolina,Anderson,"1,167",600,0.51
South Carolina,Bamberg,63,419,-0.49
South Carolina,Barnwell,160,730,1.23
South Carolina,Beaufort,696,389,-0.66
South Carolina,Berkeley,687,338,-0.94
South Carolina,Calhoun,46,313,-1.08
South Carolina,Charleston,"1,653",426,-0.45
South Carolina,Cherokee,220,390,-0.65
South Carolina,Chester,223,689,1.01
South Carolina,Chesterfield,203,440,-0.37
South Carolina,Clarendon,155,455,-0.29
South Carolina,Colleton,304,808,1.66
South Carolina,Darlington,456,676,0.93
South Carolina,Dillon,285,914,2.25
South Carolina,Dorchester,693,461,-0.25
South Carolina,Edgefield,26,99,-2.26
South Carolina,Fairfield,166,726,1.21
South Carolina,Florence,774,560,0.29
South Carolina,Georgetown,292,477,-0.16
South Carolina,Greenville,"2,618",533,0.14
South Carolina,Greenwood,432,617,0.61
South Carolina,Hampton,126,723,1.2
South Carolina,Horry,"1,748",569,0.34
South Carolina,Jasper,89,318,-1.05
South Carolina,Kershaw,222,349,-0.87
South Carolina,Lancaster,329,410,-0.54
South Carolina,Laurens,367,551,0.24
South Carolina,Lee,110,610,0.57
South Carolina,Lexington,971,346,-0.89
South Carolina,Marion,235,742,1.3
South Carolina,Marlboro,247,895,2.15
South Carolina,McCormick,24,240,-1.48
South Carolina,Newberry,110,290,-1.2
South Carolina,Oconee,281,370,-0.76
South Carolina,Orangeburg,444,501,-0.03
South Carolina,Pickens,416,342,-0.91
South Carolina,Richland,"3,252",796,1.6
South Carolina,Saluda,63,312,-1.08
South Carolina,Spartanburg,"1,247",419,-0.48
South Carolina,Sumter,672,621,0.63
South Carolina,Union,187,671,0.91
South Carolina,Williamsburg,173,531,0.13
South Carolina,York,961,384,-0.68
South Dakota,Aurora,1,18,-0.86
South Dakota,Beadle,48,258,0.64
South Dakota,Bennett,16,451,1.85
South Dakota,Bon Homme,1,14,-0.89
South Dakota,Brookings,39,114,-0.26
South Dakota,Brown,116,312,0.98
South Dakota,Brule,21,662,3
South Dakota,Buffalo,,,0
South Dakota,Butte,16,155,-0.01
South Dakota,Campbell,1,37,-0.74
South Dakota,Charles Mix,13,161,0.03
South Dakota,Clark,4,111,-0.28
South Dakota,Clay,34,243,0.55
South Dakota,Codington,81,287,0.82
South Dakota,Corson,1,12,-0.9
South Dakota,Custer,4,47,-0.68
South Dakota,Davison,83,415,1.62
South Dakota,Day,,,0
South Dakota,Deuel,2,35,-0.76
South Dakota,Dewey,0,0,-0.98
South Dakota,Douglas,3,83,NR
South Dakota,Edmunds,1,25,-0.82
South Dakota,Fall River,6,172,0.1
South Dakota,Faulk,0,0,-0.98
South Dakota,Grant,,,0
South Dakota,Gregory,,,0
South Dakota,Haakon,,,0
South Dakota,Hamlin,3,50,-0.66
South Dakota,Hand,1,30,-0.79
South Dakota,Hanson,1,29,-0.79
South Dakota,Harding,1,79,NR
South Dakota,Hughes,80,451,1.85
South Dakota,Hutchinson,2,28,-0.8
South Dakota,Hyde,,,NR
South Dakota,Jackson,,,0
South Dakota,Jerauld,0,0,-0.98
South Dakota,Jones,,,NR
South Dakota,Kingsbury,,,0
South Dakota,Lake,5,69,-0.54
South Dakota,Lawrence,44,176,0.13
South Dakota,Lincoln,152,288,0.83
South Dakota,Lyman,,,0
South Dakota,Marshall,10,209,0.33
South Dakota,McCook,2,27,-0.81
South Dakota,McPherson,1,41,-0.72
South Dakota,Meade,34,124,-0.2
South Dakota,Mellette,4,191,0.22
South Dakota,Miner,1,22,-0.84
South Dakota,Minnehaha,747,403,1.55
South Dakota,Moody,16,242,0.54
South Dakota,Oglala Lakota,0,0,-0.98
South Dakota,Pennington,610,562,2.55
South Dakota,Perkins,1,16,-0.87
South Dakota,Potter,0,0,-0.98
South Dakota,Roberts,13,126,-0.18
South Dakota,Sanborn,8,340,1.16
South Dakota,Spink,2,23,-0.83
South Dakota,Stanley,4,135,-0.13
South Dakota,Sully,1,35,NR
South Dakota,Todd,,,0
South Dakota,Tripp,8,147,-0.05
South Dakota,Turner,12,139,-0.1
South Dakota,Union,19,146,-0.06
South Dakota,Walworth,14,261,0.66
South Dakota,Yankton,66,290,0.84
South Dakota,Ziebach,0,0,-0.98
Tennessee,Anderson,251,401,0.05
Tennessee,Bedford,200,425,0.17
Tennessee,Benton,25,152,-1.15
Tennessee,Bledsoe,24,173,-1.05
Tennessee,Blount,449,354,-0.18
Tennessee,Bradley,576,554,0.79
Tennessee,Campbell,167,419,0.14
Tennessee,Cannon,25,177,-1.03
Tennessee,Carroll,72,254,-0.66
Tennessee,Carter,154,271,-0.58
Tennessee,Cheatham,113,283,-0.52
Tennessee,Chester,46,263,-0.61
Tennessee,Claiborne,100,317,-0.35
Tennessee,Clay,22,283,-0.52
Tennessee,Cocke,215,608,1.05
Tennessee,Coffee,248,458,0.33
Tennessee,Crockett,59,404,0.06
Tennessee,Cumberland,173,297,-0.45
Tennessee,Davidson,"7,454","1,105",3.44
Tennessee,Decatur,30,257,-0.64
Tennessee,DeKalb,59,303,-0.42
Tennessee,Dickson,255,497,0.51
Tennessee,Dyer,294,771,1.84
Tennessee,Fayette,101,258,-0.63
Tennessee,Fentress,30,167,-1.07
Tennessee,Franklin,158,382,-0.04
Tennessee,Gibson,274,553,0.79
Tennessee,Giles,90,311,-0.38
Tennessee,Grainger,48,210,-0.87
Tennessee,Greene,217,317,-0.35
Tennessee,Grundy,54,402,0.06
Tennessee,Hamblen,302,476,0.41
Tennessee,Hamilton,"2,353",663,1.31
Tennessee,Hancock,8,121,-1.3
Tennessee,Hardeman,162,626,1.14
Tennessee,Hardin,135,521,0.63
Tennessee,Hawkins,156,275,-0.55
Tennessee,Haywood,196,"1,088",3
Tennessee,Henderson,126,446,0.27
Tennessee,Henry,108,334,-0.27
Tennessee,Hickman,93,383,-0.03
Tennessee,Houston,18,220,-0.82
Tennessee,Humphreys,47,259,-0.63
Tennessee,Jackson,20,169,-1.06
Tennessee,Jefferson,131,247,-0.69
Tennessee,Johnson,112,628,1.14
Tennessee,Knox,"2,285",506,0.56
Tennessee,Lake,16,210,-0.87
Tennessee,Lauderdale,186,681,1.4
Tennessee,Lawrence,196,462,0.35
Tennessee,Lewis,58,484,0.45
Tennessee,Lincoln,157,463,0.35
Tennessee,Loudon,114,221,-0.81
Tennessee,Macon,67,288,-0.49
Tennessee,Madison,820,834,2.14
Tennessee,Marion,82,288,-0.49
Tennessee,Marshall,162,512,0.59
Tennessee,Maury,394,453,0.3
Tennessee,McMinn,271,515,0.6
Tennessee,McNairy,98,373,-0.08
Tennessee,Meigs,51,430,0.19
Tennessee,Monroe,218,475,0.41
Tennessee,Montgomery,"1,090",566,0.84
Tennessee,Moore,7,111,-1.35
Tennessee,Morgan,42,194,-0.95
Tennessee,Obion,134,436,0.22
Tennessee,Overton,48,217,-0.83
Tennessee,Perry,20,253,-0.66
Tennessee,Pickett,11,204,-0.89
Tennessee,Polk,38,224,-0.8
Tennessee,Putnam,296,397,0.03
Tennessee,Rhea,92,280,-0.53
Tennessee,Roane,171,334,-0.27
Tennessee,Robertson,292,426,0.17
Tennessee,Rutherford,"1,456",492,0.49
Tennessee,Scott,51,230,-0.77
Tennessee,Sequatchie,58,389,-0.01
Tennessee,Sevier,299,311,-0.38
Tennessee,Shelby,"12,685","1,346",4.6
Tennessee,Smith,46,237,-0.74
Tennessee,Stewart,59,439,0.24
Tennessee,Sullivan,760,484,0.45
Tennessee,Sumner,446,249,-0.68
Tennessee,Tipton,414,668,1.34
Tennessee,Trousdale,40,496,0.51
Tennessee,Unicoi,45,251,-0.67
Tennessee,Union,57,295,-0.46
Tennessee,Van Buren,16,274,-0.56
Tennessee,Warren,185,458,0.32
Tennessee,Washington,421,332,-0.28
Tennessee,Wayne,50,297,-0.45
Tennessee,Weakley,70,204,-0.9
Tennessee,White,68,254,-0.65
Tennessee,Williamson,294,140,-1.21
Tennessee,Wilson,388,303,-0.42
Texas,Anderson,241,417,0.95
Texas,Andrews,90,494,1.43
Texas,Angelina,275,312,0.3
Texas,Aransas,121,477,1.32
Texas,Archer,11,202,-0.38
Texas,Armstrong,3,153,-0.68
Texas,Atascosa,109,222,-0.25
Texas,Austin,70,238,-0.16
Texas,Bailey,12,160,-0.63
Texas,Bandera,29,138,-0.77
Texas,Bastrop,322,407,0.89
Texas,Baylor,9,236,-0.17
Texas,Bee,84,252,-0.07
Texas,Bell,"1,375",411,0.92
Texas,Bexar,"10,087",533,1.67
Texas,Blanco,15,137,-0.78
Texas,Borden,3,466,NR
Texas,Bosque,13,82,-1.12
Texas,Bowie,483,514,1.55
Texas,Brazoria,629,183,-0.5
Texas,Brazos,674,317,0.34
Texas,Brewster,15,163,-0.62
Texas,Briscoe,0,0,-1.62
Texas,Brooks,17,234,-0.18
Texas,Brown,119,314,0.32
Texas,Burleson,29,174,-0.55
Texas,Burnet,109,248,-0.09
Texas,Caldwell,89,219,-0.27
Texas,Calhoun,102,512,1.54
Texas,Callahan,12,88,-1.08
Texas,Cameron,"1,351",319,0.35
Texas,Camp,43,337,0.46
Texas,Carson,23,377,0.71
Texas,Cass,113,377,0.71
Texas,Castro,9,109,-0.95
Texas,Chambers,134,348,0.53
Texas,Cherokee,191,395,0.82
Texas,Childress,,,0
Texas,Clay,14,130,-0.82
Texas,Cochran,6,203,-0.37
Texas,Coke,1,31,-1.43
Texas,Coleman,12,211,-0.32
Texas,Collin,"1,424",157,-0.66
Texas,Collingsworth,5,162,-0.62
Texas,Colorado,46,221,-0.26
Texas,Comal,350,274,0.07
Texas,Comanche,31,230,-0.2
Texas,Concho,1,12,-1.55
Texas,Cooke,132,343,0.49
Texas,Coryell,175,229,-0.21
Texas,Cottle,4,280,0.11
Texas,Crane,6,109,-0.95
Texas,Crockett,5,132,-0.81
Texas,Crosby,4,83,-1.11
Texas,Culberson,0,0,-1.62
Texas,Dallam,46,641,2.33
Texas,Dallas,"12,252",480,1.34
Texas,Dawson,59,434,1.06
Texas,Deaf Smith,59,310,0.29
Texas,Delta,1,19,-1.51
Texas,Denton,"1,321",170,-0.57
Texas,DeWitt,112,538,1.7
Texas,Dickens,7,317,0.33
Texas,Dimmit,10,85,-1.1
Texas,Donley,11,316,0.33
Texas,Duval,60,611,2.15
Texas,Eastland,37,213,-0.31
Texas,Ector,"1,285",809,3.38
Texas,Edwards,3,160,-0.63
Texas,El Paso,"3,056",364,0.63
Texas,Ellis,230,142,-0.75
Texas,Erath,62,151,-0.69
Texas,Falls,25,162,-0.62
Texas,Fannin,45,145,-0.73
Texas,Fayette,66,261,-0.01
Texas,Fisher,12,314,0.31
Texas,Floyd,24,468,1.27
Texas,Foard,0,0,-1.62
Texas,Fort Bend,"1,738",246,-0.11
Texas,Franklin,27,253,-0.06
Texas,Freestone,31,155,-0.67
Texas,Frio,45,237,-0.16
Texas,Gaines,15,73,-1.18
Texas,Galveston,927,289,0.16
Texas,Garza,8,118,-0.9
Texas,Gillespie,13,50,-1.31
Texas,Glasscock,0,0,NR
Texas,Goliad,16,211,-0.32
Texas,Gonzales,135,652,2.41
Texas,Gray,116,497,1.45
Texas,Grayson,336,273,0.06
Texas,Gregg,564,454,1.18
Texas,Grimes,108,393,0.8
Texas,Guadalupe,295,195,-0.42
Texas,Hale,75,222,-0.26
Texas,Hall,9,269,0.04
Texas,Hamilton,9,129,-0.83
Texas,Hansford,11,220,-0.26
Texas,Hardeman,2,42,-1.36
Texas,Hardin,88,157,-0.65
Texas,Harris,"33,021",730,2.89
Texas,Harrison,233,347,0.52
Texas,Hartley,23,364,0.63
Texas,Haskell,7,121,-0.88
Texas,Hays,469,244,-0.12
Texas,Hemphill,14,324,0.38
Texas,Henderson,269,340,0.48
Texas,Hidalgo,"2,622",312,0.31
Texas,Hill,60,171,-0.57
Texas,Hockley,106,448,1.14
Texas,Hood,95,176,-0.54
Texas,Hopkins,53,147,-0.72
Texas,Houston,49,214,-0.3
Texas,Howard,226,607,2.13
Texas,Hudspeth,4,105,-0.98
Texas,Hunt,315,365,0.63
Texas,Hutchinson,96,483,1.36
Texas,Irion,1,63,NR
Texas,Jack,20,219,-0.27
Texas,Jackson,31,208,-0.34
Texas,Jasper,121,340,0.48
Texas,Jeff Davis,5,206,-0.35
Texas,Jefferson,"1,797",707,2.75
Texas,Jim Hogg,4,77,-1.15
Texas,Jim Wells,241,583,1.98
Texas,Johnson,297,187,-0.47
Texas,Jones,54,269,0.04
Texas,Karnes,40,262,-0.01
Texas,Kaufman,266,234,-0.18
Texas,Kendall,44,109,-0.95
Texas,Kenedy,4,978,NR
Texas,Kent,3,319,NR
Texas,Kerr,121,238,-0.16
Texas,Kimble,5,102,-0.99
Texas,King,0,0,NR
Texas,Kinney,1,26,-1.46
Texas,Kleberg,160,500,1.46
Texas,Knox,9,221,-0.26
Texas,La Salle,7,85,-1.1
Texas,Lamar,191,386,0.76
Texas,Lamb,43,341,0.49
Texas,Lampasas,26,141,-0.76
Texas,Lavaca,31,154,-0.68
Texas,Lee,43,253,-0.06
Texas,Leon,18,111,-0.94
Texas,Liberty,324,410,0.91
Texas,Limestone,87,373,0.68
Texas,Lipscomb,5,125,-0.85
Texas,Live Oak,39,320,0.35
Texas,Llano,26,141,-0.75
Texas,Loving,1,452,NR
Texas,Lubbock,"2,563",863,3.71
Texas,Lynn,7,121,-0.87
Texas,Madison,44,314,0.32
Texas,Marion,66,645,2.36
Texas,Martin,11,186,-0.48
Texas,Mason,3,73,-1.17
Texas,Matagorda,128,347,0.52
Texas,Maverick,103,179,-0.52
Texas,McCulloch,4,48,-1.33
Texas,McLennan,"1,025",423,0.99
Texas,McMullen,1,123,NR
Texas,Medina,100,211,-0.32
Texas,Menard,6,257,-0.04
Texas,Midland,506,314,0.32
Texas,Milam,56,230,-0.2
Texas,Mills,2,31,-1.44
Texas,Mitchell,16,174,-0.55
Texas,Montague,31,166,-0.6
Texas,Montgomery,934,175,-0.54
Texas,Moore,45,209,-0.34
Texas,Morris,41,320,0.35
Texas,Motley,0,0,-1.62
Texas,Nacogdoches,192,291,0.17
Texas,Navarro,166,354,0.56
Texas,Newton,9,64,-1.23
Texas,Nolan,54,394,0.81
Texas,Nueces,"2,467",685,2.61
Texas,Ochiltree,30,270,0.04
Texas,Oldham,3,143,-0.74
Texas,Orange,272,324,0.38
Texas,Palo Pinto,54,192,-0.44
Texas,Panola,68,283,0.12
Texas,Parker,163,131,-0.82
Texas,Parmer,8,82,-1.12
Texas,Pecos,56,348,0.53
Texas,Polk,134,286,0.14
Texas,Potter,781,640,2.33
Texas,Presidio,6,87,-1.09
Texas,Rains,13,112,-0.93
Texas,Randall,713,547,1.76
Texas,Reagan,2,53,-1.3
Texas,Real,3,90,-1.07
Texas,Red River,37,297,0.21
Texas,Reeves,59,407,0.89
Texas,Refugio,25,336,0.45
Texas,Roberts,1,116,NR
Texas,Robertson,65,391,0.8
Texas,Rockwall,88,97,-1.02
Texas,Runnels,18,173,-0.56
Texas,Rusk,199,380,0.72
Texas,Sabine,32,333,0.43
Texas,San Augustine,31,355,0.57
Texas,San Jacinto,57,207,-0.35
Texas,San Patricio,244,361,0.61
Texas,San Saba,7,110,-0.95
Texas,Schleicher,0,0,-1.62
Texas,Scurry,53,298,0.22
Texas,Shackelford,4,104,-0.98
Texas,Shelby,71,289,0.16
Texas,Sherman,5,145,-0.73
Texas,Smith,737,335,0.45
Texas,Somervell,10,108,-0.95
Texas,Starr,167,263,0
Texas,Stephens,18,188,-0.46
Texas,Sterling,2,113,NR
Texas,Stonewall,1,71,-1.19
Texas,Sutton,6,139,-0.76
Texas,Swisher,40,519,1.58
Texas,Tarrant,"7,977",403,0.86
Texas,Taylor,580,426,1.01
Texas,Terrell,2,178,-0.53
Texas,Terry,33,254,-0.05
Texas,Throckmorton,0,0,-1.62
Texas,Titus,116,353,0.56
Texas,Tom Green,375,318,0.34
Texas,Travis,"4,358",370,0.66
Texas,Trinity,25,188,-0.46
Texas,Tyler,64,297,0.21
Texas,Upshur,118,299,0.22
Texas,Upton,3,84,-1.1
Texas,Uvalde,73,268,0.03
Texas,Val Verde,68,138,-0.77
Texas,Van Zandt,62,118,-0.89
Texas,Victoria,393,425,1.01
Texas,Walker,264,375,0.69
Texas,Waller,165,344,0.5
Texas,Ward,58,495,1.44
Texas,Washington,82,236,-0.16
Texas,Webb,"1,031",382,0.74
Texas,Wharton,182,439,1.09
Texas,Wheeler,7,121,-0.88
Texas,Wichita,498,380,0.73
Texas,Wilbarger,42,323,0.37
Texas,Willacy,160,731,2.89
Texas,Williamson,834,165,-0.61
Texas,Wilson,64,135,-0.79
Texas,Winkler,10,125,-0.85
Texas,Wise,102,162,-0.62
Texas,Wood,76,175,-0.54
Texas,Yoakum,16,182,-0.5
Texas,Young,31,169,-0.58
Texas,Zapata,14,96,-1.03
Texas,Zavala,18,177,-0.53
Utah,Beaver,3,54,-1.06
Utah,Box Elder,65,130,-0.36
Utah,Cache,79,65,-0.96
Utah,Carbon,25,131,-0.34
Utah,Daggett,1,87,NR
Utah,Davis,346,103,-0.6
Utah,Duchesne,90,424,2.37
Utah,Emery,18,167,-0.02
Utah,Garfield,,,0
Utah,Grand,26,269,0.93
Utah,Iron,134,278,1.02
Utah,Juab,9,85,-0.77
Utah,Kane,23,311,1.32
Utah,Millard,36,283,1.06
Utah,Morgan,,,0
Utah,Piute,1,66,-0.95
Utah,Rich,2,86,-0.76
Utah,Salt Lake,"4,261",384,1.99
Utah,San Juan,15,93,-0.7
Utah,Sanpete,16,64,-0.97
Utah,Sevier,21,100,-0.63
Utah,Summit,55,138,-0.28
Utah,Tooele,178,283,1.06
Utah,Uintah,47,124,-0.41
Utah,Utah,449,78,-0.84
Utah,Wasatch,27,93,-0.69
Utah,Washington,235,154,-0.13
Utah,Wayne,,,0
Utah,Weber,603,247,0.73
Vermont,Addison,29,79,-0.42
Vermont,Bennington,57,156,1.06
Vermont,Caledonia,35,113,0.24
Vermont,Chittenden,209,130,0.56
Vermont,Essex,1,16,-1.62
Vermont,Franklin,68,140,0.75
Vermont,Grand Isle,3,43,-1.1
Vermont,Lamoille,14,53,-0.91
Vermont,Orange,6,19,-1.57
Vermont,Orleans,38,139,0.73
Vermont,Rutland,97,162,1.18
Vermont,Washington,60,101,0.01
Vermont,Windham,73,167,1.28
Vermont,Windsor,51,91,-0.19
Virginia,Accomack,74,226,0.22
Virginia,Albemarle,106,100,-0.72
Virginia,Alexandria City,286,186,-0.08
Virginia,Alleghany,31,196,-0.01
Virginia,Amelia,15,117,-0.59
Virginia,Amherst,43,133,-0.47
Virginia,Appomattox,18,114,-0.61
Virginia,Arlington,345,149,-0.35
Virginia,Augusta,93,125,-0.53
Virginia,Bath,5,111,-0.63
Virginia,Bedford,64,83,-0.85
Virginia,Bland,5,76,-0.9
Virginia,Botetourt,35,106,-0.67
Virginia,Bristol City,46,267,0.52
Virginia,Brunswick,22,132,-0.48
Virginia,Buchanan,50,216,0.14
Virginia,Buckingham,22,129,-0.5
Virginia,Buena Vista City,7,98,-0.73
Virginia,Campbell,110,199,0.01
Virginia,Caroline,43,143,-0.4
Virginia,Carroll,29,98,-0.73
Virginia,Charles City,5,71,-0.93
Virginia,Charlotte,27,218,0.16
Virginia,Charlottesville City,220,480,2.09
Virginia,Chesapeake City,993,423,1.68
Virginia,Chesterfield,455,136,-0.45
Virginia,Clarke,11,73,-0.92
Virginia,Colonial Heights City,52,290,0.69
Virginia,Covington City,14,247,0.37
Virginia,Craig,3,48,-1.1
Virginia,Culpeper,79,159,-0.28
Virginia,Cumberland,18,180,-0.12
Virginia,Danville City,264,623,3.16
Virginia,Dickenson,30,195,-0.01
Virginia,Dinwiddie,70,250,0.4
Virginia,Emporia City,33,597,2.96
Virginia,Essex,24,211,0.1
Virginia,Fairfax,"1,095",96,-0.75
Virginia,Fairfax City,21,85,-0.83
Virginia,Falls Church City,22,158,-0.29
Virginia,Fauquier,44,65,-0.98
Virginia,Floyd,20,128,-0.51
Virginia,Fluvanna,26,100,-0.72
Virginia,Franklin,85,150,-0.34
Virginia,Franklin City,27,310,0.84
Virginia,Frederick,93,112,-0.63
Virginia,Fredericksburg City,123,423,1.67
Virginia,Galax City,22,317,0.89
Virginia,Giles,25,147,-0.37
Virginia,Gloucester,42,114,-0.62
Virginia,Goochland,26,116,-0.6
Virginia,Grayson,19,119,-0.58
Virginia,Greene,23,118,-0.58
Virginia,Greensville,15,123,-0.55
Virginia,Halifax,73,207,0.08
Virginia,Hampton City,402,295,0.73
Virginia,Hanover,131,128,-0.51
Virginia,Harrisonburg City,113,214,0.13
Virginia,Henrico,567,175,-0.16
Virginia,Henry,118,227,0.22
Virginia,Highland,2,91,-0.78
Virginia,Hopewell City,94,425,1.69
Virginia,Isle of Wight,52,144,-0.39
Virginia,James City,89,122,-0.56
Virginia,King and Queen,10,140,-0.42
Virginia,King George,27,106,-0.67
Virginia,King William,12,71,-0.93
Virginia,Lancaster,17,155,-0.31
Virginia,Lee,29,115,-0.61
Virginia,Lexington City,9,124,-0.54
Virginia,Loudoun,375,100,-0.71
Virginia,Louisa,65,189,-0.06
Virginia,Lunenburg,21,167,-0.22
Virginia,Lynchburg City,336,423,1.68
Virginia,Madison,12,92,-0.78
Virginia,Manassas City,131,309,0.83
Virginia,Manassas Park City,24,148,-0.37
Virginia,Martinsville City,39,282,0.63
Virginia,Mathews,4,40,-1.17
Virginia,Mecklenburg,77,248,0.38
Virginia,Middlesex,23,217,0.15
Virginia,Montgomery,125,128,-0.51
Virginia,Nelson,21,143,-0.4
Virginia,New Kent,30,146,-0.38
Virginia,Newport News City,830,456,1.92
Virginia,Norfolk City,"1,487",603,3.01
Virginia,Northampton,12,100,-0.72
Virginia,Northumberland,22,181,-0.12
Virginia,Norton City,15,365,1.25
Virginia,Nottoway,38,239,0.32
Virginia,Orange,39,111,-0.64
Virginia,Page,37,154,-0.32
Virginia,Patrick,27,146,-0.37
Virginia,Petersburg City,232,714,3.83
Virginia,Pittsylvania,50,81,-0.86
Virginia,Poquoson City,16,129,-0.5
Virginia,Portsmouth City,680,707,3.78
Virginia,Powhatan,21,73,-0.92
Virginia,Prince Edward,47,205,0.06
Virginia,Prince George,42,111,-0.64
Virginia,Prince William,841,186,-0.08
Virginia,Pulaski,87,253,0.41
Virginia,Radford City,102,582,2.85
Virginia,Rappahannock,3,41,-1.16
Virginia,Richmond,11,119,-0.58
Virginia,Richmond City,"1,310",596,2.96
Virginia,Roanoke,174,184,-0.09
Virginia,Roanoke City,380,382,1.37
Virginia,Rockbridge,32,141,-0.41
Virginia,Rockingham,88,112,-0.63
Virginia,Russell,52,185,-0.09
Virginia,Salem City,27,106,-0.67
Virginia,Scott,23,101,-0.71
Virginia,Shenandoah,77,178,-0.14
Virginia,Smyth,64,203,0.04
Virginia,Southampton,23,125,-0.53
Virginia,Spotsylvania,224,172,-0.18
Virginia,Stafford,278,197,0
Virginia,Staunton City,38,153,-0.32
Virginia,Suffolk City,241,276,0.59
Virginia,Surry,15,226,0.21
Virginia,Sussex,12,103,-0.7
Virginia,Tazewell,90,208,0.08
Virginia,Virginia Beach City,689,152,-0.33
Virginia,Warren,54,138,-0.44
Virginia,Washington,85,155,-0.31
Virginia,Waynesboro City,40,187,-0.07
Virginia,Westmoreland,25,139,-0.43
Virginia,Williamsburg City,28,182,-0.11
Virginia,Winchester City,75,272,0.55
Virginia,Wise,85,214,0.13
Virginia,Wythe,36,122,-0.56
Virginia,York,109,162,-0.26
Washington,Adams,48,248,0.66
Washington,Asotin,47,211,0.23
Washington,Benton,371,195,0.05
Washington,Chelan,112,148,-0.48
Washington,Clallam,206,280,1.01
Washington,Clark,"1,011",220,0.34
Washington,Columbia,2,38,-1.73
Washington,Cowlitz,268,259,0.78
Washington,Douglas,40,99,-1.04
Washington,Ferry,8,112,-0.88
Washington,Franklin,190,211,0.23
Washington,Garfield,2,89,-1.14
Washington,Grant,259,278,1
Washington,Grays Harbor,169,244,0.6
Washington,Island,85,107,-0.94
Washington,Jefferson,65,212,0.24
Washington,King,"7,230",341,1.7
Washington,Kitsap,683,263,0.82
Washington,Kittitas,48,110,-0.9
Washington,Klickitat,19,87,-1.16
Washington,Lewis,145,193,0.03
Washington,Lincoln,10,92,-1.11
Washington,Mason,134,220,0.33
Washington,Okanogan,73,176,-0.17
Washington,Pacific,33,157,-0.38
Washington,Pend Oreille,17,130,-0.68
Washington,Pierce,"3,862",458,3.03
Washington,San Juan,9,52,-1.56
Washington,Skagit,238,195,0.06
Washington,Skamania,10,88,-1.16
Washington,Snohomish,"1,577",205,0.16
Washington,Spokane,"1,729",353,1.84
Washington,Stevens,46,105,-0.96
Washington,Thurston,641,237,0.53
Washington,Wahkiakum,5,123,-0.77
Washington,Walla Walla,145,239,0.55
Washington,Whatcom,411,194,0.04
Washington,Whitman,86,181,-0.1
Washington,Yakima,682,273,0.93
West Virginia,Barbour,75,451,0.97
West Virginia,Berkeley,187,168,-0.77
West Virginia,Boone,56,250,-0.26
West Virginia,Braxton,33,262,-0.19
West Virginia,Brooke,27,131,-0.99
West Virginia,Cabell,444,461,1.03
West Virginia,Calhoun,15,219,-0.45
West Virginia,Clay,,,0
West Virginia,Doddridge,22,271,-0.13
West Virginia,Fayette,115,278,-0.09
West Virginia,Gilmer,21,249,-0.27
West Virginia,Grant,20,224,-0.42
West Virginia,Greenbrier,42,124,-1.04
West Virginia,Hampshire,52,227,-0.4
West Virginia,Hancock,41,143,-0.92
West Virginia,Hardy,58,429,0.84
West Virginia,Harrison,98,212,-0.49
West Virginia,Jackson,83,306,0.08
West Virginia,Jefferson,97,187,-0.65
West Virginia,Kanawha,"1,119",616,1.99
West Virginia,Lewis,13,79,-1.31
West Virginia,Lincoln,,,0
West Virginia,Logan,178,558,1.63
West Virginia,Marion,153,296,0.02
West Virginia,Marshall,73,241,-0.32
West Virginia,Mason,30,120,-1.06
West Virginia,McDowell,66,428,0.83
West Virginia,Mercer,272,461,1.03
West Virginia,Mineral,58,242,-0.31
West Virginia,Mingo,66,282,-0.07
West Virginia,Monongalia,241,250,-0.26
West Virginia,Monroe,15,108,-1.13
West Virginia,Morgan,67,407,0.7
West Virginia,Nicholas,171,725,2.65
West Virginia,Ohio,285,678,2.37
West Virginia,Pendleton,,,0
West Virginia,Pleasants,9,135,-0.97
West Virginia,Pocahontas,23,306,0.08
West Virginia,Preston,67,230,-0.38
West Virginia,Putnam,204,371,0.48
West Virginia,Raleigh,365,478,1.14
West Virginia,Randolph,121,474,1.11
West Virginia,Ritchie,7,83,-1.29
West Virginia,Roane,38,264,-0.18
West Virginia,Summers,19,181,-0.69
West Virginia,Taylor,,,0
West Virginia,Tucker,,,0
West Virginia,Tyler,17,229,-0.39
West Virginia,Upshur,14,57,-1.45
West Virginia,Wayne,70,186,-0.65
West Virginia,Webster,,,0
West Virginia,Wetzel,10,89,-1.25
West Virginia,Wirt,15,246,-0.29
West Virginia,Wood,259,300,0.05
West Virginia,Wyoming,122,626,2.04
Wisconsin,Adams,38,188,0.38
Wisconsin,Ashland,42,262,0.96
Wisconsin,Barron,19,46,-0.75
Wisconsin,Bayfield,32,209,0.55
Wisconsin,Brown,625,250,0.87
Wisconsin,Buffalo,7,55,-0.68
Wisconsin,Burnett,35,227,0.69
Wisconsin,Calumet,61,121,-0.15
Wisconsin,Chippewa,80,125,-0.12
Wisconsin,Clark,17,48,-0.73
Wisconsin,Columbia,77,145,0.04
Wisconsin,Crawford,19,116,-0.19
Wisconsin,Dane,"1,162",227,0.69
Wisconsin,Dodge,79,89,-0.41
Wisconsin,Door,12,43,-0.77
Wisconsin,Douglas,81,185,0.35
Wisconsin,Dunn,71,160,0.16
Wisconsin,Eau Claire,145,142,0.01
Wisconsin,Florence,4,89,-0.41
Wisconsin,Fond du Lac,195,191,0.41
Wisconsin,Forest,22,243,0.82
Wisconsin,Grant,75,147,0.05
Wisconsin,Green,31,83,-0.45
Wisconsin,Green Lake,8,42,-0.78
Wisconsin,Iowa,30,124,-0.13
Wisconsin,Iron,4,69,-0.57
Wisconsin,Jackson,19,90,-0.4
Wisconsin,Jefferson,121,148,0.06
Wisconsin,Juneau,64,243,0.82
Wisconsin,Kenosha,393,234,0.74
Wisconsin,Kewaunee,20,96,-0.35
Wisconsin,La Crosse,163,138,-0.02
Wisconsin,Lafayette,15,90,-0.4
Wisconsin,Langlade,13,65,-0.6
Wisconsin,Lincoln,43,181,0.32
Wisconsin,Manitowoc,150,188,0.38
Wisconsin,Marathon,156,115,-0.2
Wisconsin,Marinette,17,40,-0.8
Wisconsin,Marquette,5,33,-0.85
Wisconsin,Menominee,0,0,-1.11
Wisconsin,Milwaukee,"9,770","1,020",6.99
Wisconsin,Monroe,64,140,0
Wisconsin,Oconto,,,0
Wisconsin,Oneida,61,172,0.25
Wisconsin,Outagamie,280,153,0.1
Wisconsin,Ozaukee,52,59,-0.64
Wisconsin,Pepin,9,117,-0.19
Wisconsin,Pierce,56,144,0.03
Wisconsin,Polk,119,274,1.06
Wisconsin,Portage,80,113,-0.22
Wisconsin,Price,9,62,-0.62
Wisconsin,Racine,409,210,0.55
Wisconsin,Richland,2,11,-1.02
Wisconsin,Rock,372,231,0.72
Wisconsin,Rusk,26,184,0.35
Wisconsin,Sauk,71,111,-0.23
Wisconsin,Sawyer,31,186,0.36
Wisconsin,Shawano,35,83,-0.45
Wisconsin,Sheboygan,183,159,0.15
Wisconsin,St. Croix,54,63,-0.61
Wisconsin,Taylor,20,95,-0.36
Wisconsin,Trempealeau,18,61,-0.63
Wisconsin,Vernon,17,59,-0.64
Wisconsin,Vilas,10,47,-0.74
Wisconsin,Walworth,89,86,-0.43
Wisconsin,Washburn,32,203,0.5
Wisconsin,Washington,86,69,-0.56
Wisconsin,Waukesha,257,68,-0.57
Wisconsin,Waupaca,98,187,0.38
Wisconsin,Waushara,25,102,-0.31
Wisconsin,Winnebago,287,169,0.22
Wisconsin,Wood,24,33,-0.85
Wyoming,Albany,52,138,-0.44
Wyoming,Big Horn,10,100,-0.88
Wyoming,Campbell,136,278,1.17
Wyoming,Carbon,36,236,0.68
Wyoming,Converse,43,365,2.16
Wyoming,Crook,9,120,-0.65
Wyoming,Fremont,65,161,-0.18
Wyoming,Goshen,47,350,2
Wyoming,Hot Springs,5,105,-0.82
Wyoming,Johnson,12,134,-0.48
Wyoming,Laramie,200,206,0.34
Wyoming,Lincoln,21,118,-0.68
Wyoming,Natrona,160,194,0.2
Wyoming,Niobrara,,,0
Wyoming,Park,57,193,0.19
Wyoming,Platte,15,184,0.09
Wyoming,Sheridan,45,151,-0.29
Wyoming,Sublette,7,66,-1.27
Wyoming,Sweetwater,135,300,1.43
Wyoming,Teton,,,0
Wyoming,Uinta,14,71,-1.21
Wyoming,Washakie,7,78,-1.13
Wyoming,Weston,10,157,-0.22
